ID,Month,Avy_Mort,Prop_Avy
LG001,1,0,0.03
LG001,2,0,0.06
LG001,3,0,0.07
LG001,4,0,0
LG001,10,0,0.77
LG001,11,0,0.59
LG001,12,0,0.25
LG002,1,1,0.04
LG002,2,1,0.04
LG002,3,1,0.18
LG002,4,1,0.23
LG002,10,1,0.93
LG002,11,1,0.38
LG002,12,1,0.24
LG003,1,0,0.31
LG003,2,0,0.36
LG003,3,0,0.29
LG003,4,0,0.58
LG003,5,0,0.43
LG003,10,0,0.64
LG003,11,0,0.41
LG003,12,0,0.3
LG004,1,0,0.01
LG004,2,0,0.01
LG004,3,0,0.04
LG004,4,0,0.02
LG004,5,0,0.22
LG004,10,0,0.92
LG004,11,0,0.36
LG004,12,0,0.01
LG005,1,1,0.04
LG005,2,1,0.07
LG005,3,1,0.02
LG005,4,1,0.05
LG005,5,1,0.23
LG005,10,1,0.71
LG005,11,1,0.19
LG005,12,1,0.05
LG006,1,0,0.02
LG006,2,0,0
LG006,10,0,0.57
LG006,11,0,0.65
LG006,12,0,0.49
LG007,1,0,0.26
LG007,2,0,0.63
LG007,3,0,0.38
LG007,4,0,0.53
LG007,5,0,0.64
LG007,10,0,0.84
LG007,11,0,0.51
LG007,12,0,0.47
LG008,1,0,0.33
LG008,2,0,0.41
LG008,3,0,0.49
LG008,4,0,0.51
LG008,5,0,0.49
LG008,10,0,0.88
LG008,11,0,0.3
LG008,12,0,0.39
LG009,1,0,0.21
LG009,2,0,0.41
LG009,3,0,0.29
LG009,4,0,0.34
LG009,5,0,0.61
LG009,10,0,0.83
LG009,11,0,0.29
LG009,12,0,0.21
LG010,1,0,0.11
LG010,2,0,0.07
LG010,3,0,0.05
LG010,4,0,0.22
LG010,5,0,0.37
LG010,10,0,0.79
LG010,11,0,0.24
LG010,12,0,0.19
LG011,1,0,0.11
LG011,2,0,0.02
LG011,3,0,0.01
LG011,4,0,0.21
LG011,5,0,0.73
LG011,10,0,0.46
LG011,11,0,0.14
LG011,12,0,0.07
LG012,1,0,0.33
LG012,2,0,0.24
LG012,3,0,0.13
LG012,4,0,0.12
LG012,5,0,0.57
LG012,10,0,0.5
LG012,11,0,0.28
LG012,12,0,0.27
LG014,1,0,0.2
LG014,2,0,0.26
LG014,3,0,0.18
LG014,4,0,0.25
LG014,5,0,0.5
LG014,10,0,0.63
LG014,11,0,0.27
LG014,12,0,0.26
LG015,1,0,0.02
LG015,2,0,0.06
LG015,3,0,0.07
LG015,4,0,0.07
LG015,5,0,0.09
LG015,10,0,0.35
LG015,11,0,0.21
LG015,12,0,0.16
LG016,1,0,0.11
LG016,2,0,0.22
LG016,3,0,0.35
LG016,4,0,0.27
LG016,5,0,0.41
LG016,10,0,0.76
LG016,11,0,0.3
LG016,12,0,0.12
LG017,1,0,0.24
LG017,2,0,0.22
LG017,3,0,0.17
LG017,4,0,0.2
LG017,5,0,0.51
LG017,10,0,0.63
LG017,11,0,0.16
LG017,12,0,0.15
LG018,1,0,0.09
LG018,2,0,0.1
LG018,3,0,0.2
LG018,4,0,0.2
LG018,5,0,0.28
LG018,10,0,0.31
LG018,11,0,0.22
LG018,12,0,0.14
LG019,1,0,0.46
LG019,2,0,0.39
LG019,3,0,0.44
LG019,4,0,0.06
LG019,5,0,0.45
LG019,10,0,0.73
LG019,11,0,0.41
LG019,12,0,0.5
LG020,1,0,0.21
LG020,2,0,0.1
LG020,3,0,0.09
LG020,4,0,0.21
LG020,5,0,0.63
LG020,10,0,0.8
LG020,11,0,0.32
LG020,12,0,0.47
LG021,1,0,0.05
LG021,2,0,0.05
LG021,3,0,0.01
LG021,4,0,0.2
LG021,5,0,0.43
LG021,10,0,0.75
LG021,11,0,0.14
LG021,12,0,0.21
LG022,1,0,0.17
LG022,2,0,0.21
LG022,3,0,0.2
LG022,4,0,0.31
LG022,5,0,0.68
LG022,10,0,0.81
LG022,11,0,0.41
LG022,12,0,0.43
LG023,1,0,0.15
LG023,2,0,0.03
LG023,3,0,0.09
LG023,4,0,0.16
LG023,5,0,0.64
LG023,10,0,0.73
LG023,11,0,0.15
LG023,12,0,0.26
LG024,1,0,0.15
LG024,2,0,0.35
LG024,3,0,0.4
LG024,4,0,0.21
LG024,5,0,0.37
LG024,10,0,0.9
LG024,11,0,0.29
LG024,12,0,0.13
LG025,1,0,0.08
LG025,2,0,0.35
LG025,3,0,0
LG025,4,0,0.07
LG025,5,0,0
LG025,10,0,0.75
LG025,11,0,0.14
LG025,12,0,0.1
LG026,10,0,0.86
LG026,11,0,0.25
LG027,1,0,0
LG027,2,0,0.01
LG027,3,0,0
LG027,4,0,0
LG027,5,0,0.04
LG027,10,0,0.91
LG027,11,0,0.35
LG027,12,0,0.09
LG028,1,0,0
LG028,2,0,0
LG028,3,0,0.03
LG028,4,0,0
LG028,5,0,0
LG028,10,0,0.63
LG028,11,0,0.06
LG028,12,0,0
LG029,1,0,0.03
LG029,2,0,0.11
LG029,3,0,0.03
LG029,4,0,0.4
LG029,5,0,0.72
LG029,10,0,0.71
LG029,11,0,0.2
LG029,12,0,0.08
LG030,1,0,0.14
LG030,2,0,0.18
LG030,3,0,0.07
LG030,4,0,0.09
LG030,10,0,0.83
LG030,11,0,0.28
LG030,12,0,0.02
LG031,1,0,0.02
LG031,2,0,0
LG031,3,0,0
LG031,10,0,0.4
LG031,11,0,0.42
LG031,12,0,0.05
LG032,1,0,0.33
LG032,2,0,0.11
LG032,3,0,0.15
LG032,4,0,0.2
LG032,5,0,0.45
LG032,10,0,0.9
LG032,11,0,0.11
LG032,12,0,0.11
LG033,1,0,0.08
LG033,2,0,0.05
LG033,3,0,0.05
LG033,4,0,0
LG033,5,0,0
LG033,10,0,0.81
LG033,11,0,0.21
LG033,12,0,0.08
LG034,1,0,0.17
LG034,2,0,0.24
LG034,3,0,0.26
LG034,4,0,0.47
LG034,5,0,0.57
LG034,10,0,0.78
LG034,11,0,0.46
LG034,12,0,0.33
LG035,1,0,0.31
LG035,2,0,0.64
LG035,3,0,0.46
LG035,4,0,0.55
LG035,5,0,0.79
LG035,10,0,0.78
LG035,11,0,0.18
LG035,12,0,0.3
LG036,1,0,0.29
LG036,2,0,0.14
LG036,3,0,0.17
LG036,4,0,0
LG036,5,0,0.19
LG036,10,0,0.76
LG036,11,0,0.21
LG036,12,0,0.04
LG037,1,0,0.05
LG037,2,0,0.06
LG037,3,0,0
LG037,4,0,0.05
LG037,5,0,0.21
LG037,10,0,0.78
LG037,11,0,0.17
LG037,12,0,0.02
LG038,1,0,0.06
LG038,2,0,0.23
LG038,3,0,0.04
LG038,4,0,0.09
LG038,5,0,0.54
LG038,10,0,0.82
LG038,11,0,0.26
LG038,12,0,0.16
LG039,1,0,0.03
LG039,2,0,0.11
LG039,3,0,0.03
LG039,4,0,0.19
LG039,5,0,0
LG039,10,0,0.7
LG039,11,0,0.21
LG039,12,0,0.23
LG040,1,0,0.05
LG040,2,0,0.03
LG040,3,0,0.03
LG040,4,0,0.14
LG040,5,0,0.19
LG040,10,0,0.98
LG040,11,0,0.14
LG040,12,0,0.06
LG041,1,0,0
LG041,2,0,0
LG041,3,0,0
LG041,4,0,0.01
LG041,5,0,0.64
LG041,10,0,0.7
LG041,11,0,0.23
LG041,12,0,0
LG042,1,0,0.33
LG042,2,0,0.21
LG042,3,0,0.22
LG042,4,0,0.22
LG042,5,0,0.3
LG042,10,0,0.25
LG042,11,0,0.22
LG042,12,0,0.29
LG043,1,0,0.14
LG043,2,0,0.23
LG043,3,0,0.18
LG043,4,0,0.21
LG043,5,0,0.29
LG043,10,0,0.36
LG043,11,0,0.5
LG043,12,0,0.11
LG044,10,0,0.3
LG045,1,0,0.12
LG045,2,0,0.17
LG045,3,0,0.34
LG045,4,0,0.03
LG045,5,0,0.08
LG045,10,0,0.55
LG045,11,0,0.14
LG045,12,0,0.1
LG046,1,0,0.07
LG046,2,0,0.02
LG046,3,0,0.01
LG046,4,0,0.07
LG046,5,0,0.11
LG046,10,0,0.82
LG046,11,0,0.31
LG046,12,0,0.08
LG047,1,0,0.02
LG047,2,0,0.04
LG047,10,0,0.48
LG047,11,0,0.32
LG047,12,0,0.11
LG048,1,0,0
LG048,2,0,0.01
LG048,3,0,0.05
LG048,4,0,0.01
LG048,10,0,0.74
LG048,11,0,0.25
LG048,12,0,0
LG049,1,0,0.21
LG049,2,0,0.32
LG049,3,0,0.31
LG049,4,0,0.23
LG049,5,0,0.42
LG049,10,0,0.87
LG049,11,0,0.25
LG049,12,0,0.16
LG050,1,0,0.05
LG050,2,0,0.07
LG050,3,0,0.05
LG050,4,0,0.18
LG050,10,0,0.25
LG050,11,0,0.35
LG050,12,0,0.15
LG051,1,0,0.12
LG051,2,0,0.12
LG051,3,0,0.02
LG051,4,0,0.16
LG051,5,0,0.34
LG051,10,0,0.8
LG051,11,0,0.12
LG051,12,0,0.17
LG052,1,0,0
LG052,2,0,0.14
LG052,3,0,0.06
LG052,4,0,0.11
LG052,5,0,0.3
LG052,10,0,0.61
LG052,11,0,0.2
LG052,12,0,0.06
LG053,1,0,0.16
LG053,2,0,0.12
LG053,3,0,0.22
LG053,4,0,0.2
LG053,5,0,0.61
LG053,10,0,0.8
LG053,11,0,0.26
LG053,12,0,0.11
LG054,1,0,0.15
LG054,2,0,0.37
LG054,3,0,0.26
LG054,4,0,0.51
LG054,5,0,0.61
LG054,10,0,0.72
LG054,11,0,0.26
LG054,12,0,0.25
LG055,10,0,0.76
LG056,1,0,0.16
LG056,2,0,0.23
LG056,3,0,0.3
LG056,4,0,0.31
LG056,10,0,0.92
LG056,11,0,0.96
LG056,12,0,0.36
LG057,1,0,0.83
LG057,2,0,0.33
LG057,3,0,0.71
LG057,4,0,0.42
LG057,5,0,0.58
LG057,10,0,0.78
LG057,11,0,0.31
LG057,12,0,0.52
LG058,1,0,0.01
LG058,2,0,0.04
LG058,3,0,0
LG058,4,0,0.21
LG058,5,0,0.46
LG058,10,0,0.87
LG058,11,0,0.31
LG058,12,0,0.05
LG059,1,0,0.15
LG059,2,0,0.24
LG059,3,0,0.03
LG059,4,0,0.15
LG059,5,0,0.26
LG059,10,0,0.77
LG059,11,0,0.3
LG059,12,0,0.03
LG060,1,0,0.26
LG060,2,0,0.22
LG060,3,0,0.29
LG060,4,0,0.26
LG060,5,0,0.22
LG060,10,0,0.05
LG060,11,0,0.16
LG060,12,0,0.09
LG061,1,0,0.11
LG061,2,0,0.19
LG061,3,0,0.22
LG061,4,0,0.62
LG061,5,0,0.89
LG061,10,0,0.23
LG061,11,0,0.24
LG061,12,0,0.14
LG062,1,0,0.22
LG062,2,0,0.29
LG062,3,0,0.1
LG062,4,0,0.1
LG062,5,0,0.31
LG062,10,0,0.33
LG062,11,0,0.19
LG062,12,0,0.1
LG063,1,0,0
LG063,2,0,0.03
LG063,3,0,0.05
LG063,10,0,0.81
LG063,11,0,0.6
LG063,12,0,0.05
LG064,1,1,0.06
LG064,2,1,0.04
LG064,3,1,0.15
LG064,4,1,0.05
LG064,5,1,0.37
LG064,10,1,0.63
LG064,11,1,0.07
LG064,12,1,0.15
LG065,1,0,0.36
LG065,2,0,0.02
LG065,3,0,0.07
LG065,4,0,0.08
LG065,5,0,0.06
LG065,10,0,0.22
LG065,11,0,0.37
LG065,12,0,0.04
LG066,1,0,0.31
LG066,2,0,0.25
LG066,3,0,0.32
LG066,4,0,0.39
LG066,5,0,0.74
LG066,10,0,0.85
LG066,11,0,0.4
LG066,12,0,0.28
LG068,1,0,0.22
LG068,2,0,0.41
LG068,3,0,0.29
LG068,4,0,0.45
LG068,5,0,0.59
LG068,10,0,0.82
LG068,11,0,0.19
LG068,12,0,0.25
LG069,1,0,0
LG069,2,0,0.05
LG069,3,0,0.09
LG069,4,0,0.07
LG069,5,0,0.04
LG069,10,0,0.86
LG069,11,0,0.34
LG069,12,0,0.09
LG070,1,0,0.91
LG070,2,0,0.8
LG070,3,0,0.86
LG070,4,0,0.97
LG070,5,0,0.93
LG070,10,0,0.9
LG070,11,0,0.75
LG070,12,0,0.88
LG071,1,1,0.34
LG071,2,1,0.28
LG071,3,1,0.55
LG071,4,1,0.36
LG071,5,1,0.92
LG071,10,1,0.81
LG071,11,1,0.46
LG071,12,1,0.27
LG072,10,0,0.95
LG073,1,1,0.79
LG073,2,1,0.62
LG073,3,1,0.76
LG073,10,1,0.45
LG073,11,1,0.74
LG073,12,1,0.67
LG074,1,0,0.03
LG074,2,0,0.07
LG074,3,0,0.03
LG074,4,0,0.41
LG074,5,0,0.91
LG074,10,0,0.86
LG074,11,0,0.38
LG074,12,0,0.11
LG075,1,0,0.16
LG075,2,0,0.31
LG075,3,0,0.13
LG075,4,0,0.28
LG075,5,0,0.44
LG075,10,0,0.76
LG075,11,0,0.43
LG075,12,0,0.53
LG076,1,0,0.03
LG076,2,0,0.18
LG076,3,0,0.17
LG076,4,0,0.23
LG076,5,0,0.96
LG076,10,0,0.87
LG076,11,0,0.19
LG076,12,0,0.23
LG077,1,0,0.78
LG077,2,0,0.53
LG077,3,0,0.34
LG077,4,0,0.95
LG077,5,0,0.9
LG077,10,0,0.95
LG077,11,0,0.36
LG077,12,0,0.28
LG078,1,0,0.08
LG078,2,0,0
LG078,3,0,0.02
LG078,4,0,0
LG078,5,0,0.52
LG078,10,0,0.96
LG078,11,0,0.21
LG078,12,0,0.33
LG080,1,0,0.08
LG080,2,0,0
LG080,3,0,0
LG080,4,0,0
LG080,5,0,0
LG080,10,0,0
LG080,11,0,0.15
LG080,12,0,0.01
LG081,1,0,0
LG081,2,0,0.09
LG081,3,0,0.04
LG081,4,0,0.1
LG081,5,0,0.1
LG081,10,0,0.17
LG081,11,0,0.13
LG081,12,0,0.05
LG087,1,1,0.07
LG087,2,1,0.07
LG087,3,1,0.23
LG087,4,1,0.25
LG087,5,1,0.27
LG087,10,1,0.42
LG087,11,1,0.18
LG087,12,1,0.09
LG090,1,0,0.03
LG090,2,0,0.17
LG090,3,0,0.13
LG090,4,0,0.16
LG090,5,0,0.35
LG090,10,0,0.6
LG090,11,0,0.11
LG090,12,0,0.12
LG092,1,0,0.07
LG092,2,0,0.03
LG092,3,0,0.12
LG092,4,0,0.16
LG092,10,0,0.8
LG092,11,0,0.24
LG092,12,0,0.09
LG093,1,0,0.32
LG093,2,0,0.63
LG093,3,0,0.79
LG093,4,0,0.94
LG093,5,0,0.97
LG093,10,0,0.96
LG093,11,0,0.48
LG093,12,0,0.49
LG094,1,0,0
LG094,10,0,0.85
LG094,12,0,0.28
LG095,10,0,0
LG096,1,0,0.13
LG096,2,0,0.35
LG096,3,0,0.15
LG096,4,0,0.3
LG096,5,0,0.96
LG096,10,0,0.82
LG096,11,0,0.53
LG096,12,0,0.25
LG097,1,0,0.03
LG097,2,0,0.01
LG097,3,0,0
LG097,4,0,0.02
LG097,5,0,0.49
LG097,10,0,0.78
LG097,11,0,0.11
LG097,12,0,0.04
LG098,1,0,0.14
LG098,2,0,0.05
LG098,3,0,0.27
LG098,4,0,0.34
LG098,5,0,0.9
LG098,10,0,0.88
LG098,11,0,0.37
LG098,12,0,0.13
LG099,1,0,0.11
LG099,2,0,0.08
LG099,3,0,0.14
LG099,4,0,0.23
LG099,5,0,0.12
LG099,10,0,0.38
LG099,11,0,0.19
LG099,12,0,0.18
LG100,10,0,1
LG101,1,1,0.02
LG101,2,1,0.01
LG101,3,1,0
LG101,4,1,0.04
LG101,5,1,0.4
LG101,10,1,0.82
LG101,11,1,0.13
LG101,12,1,0.04
LG103,1,1,0.06
LG103,2,1,0.06
LG103,3,1,0.05
LG103,4,1,0.06
LG103,5,1,0.04
LG103,10,1,0.48
LG103,11,1,0.22
LG103,12,1,0.12
LG104,1,0,0
LG104,2,0,0
LG104,3,0,0.01
LG104,4,0,0.11
LG104,5,0,0.36
LG104,10,0,0.85
LG104,11,0,0.34
LG104,12,0,0.04
LG105,1,0,0.36
LG105,2,0,0.58
LG105,3,0,0.7
LG105,4,0,0.85
LG105,5,0,0.99
LG105,10,0,0.88
LG105,11,0,0.67
LG105,12,0,0.73
LG107,1,0,0.96
LG107,2,0,0.98
LG107,3,0,0.98
LG107,4,0,1
LG107,5,0,0.94
LG107,10,0,0.97
LG107,11,0,1
LG107,12,0,0.96
LG108,1,0,0.29
LG108,2,0,0.7
LG108,3,0,0.5
LG108,4,0,0.67
LG108,5,0,0.98
LG108,10,0,0.92
LG108,11,0,0.85
LG108,12,0,0.41
LG110,1,0,0.16
LG110,2,0,0.49
LG110,3,0,0.48
LG110,4,0,0.39
LG110,5,0,0.77
LG110,10,0,0.92
LG110,11,0,0.32
LG110,12,0,0.1
LG111,1,0,0.58
LG111,2,0,0.5
LG111,3,0,0.79
LG111,4,0,0.82
LG111,5,0,1
LG111,10,0,0.77
LG111,11,0,0.56
LG111,12,0,0.64
LG112,1,0,0.05
LG112,2,0,0
LG112,10,0,0.99
LG112,11,0,0.19
LG112,12,0,0.06
LG113,1,0,0.98
LG113,2,0,0.63
LG113,3,0,0.97
LG113,4,0,0.83
LG113,5,0,0.52
LG113,10,0,0.93
LG113,11,0,0.97
LG113,12,0,0.97
LG114,1,0,0.89
LG114,2,0,0.94
LG114,3,0,0.95
LG114,4,0,0.72
LG114,5,0,0.18
LG114,10,0,0.89
LG114,11,0,0.86
LG114,12,0,0.93
LG115,10,0,0.98
LG115,11,0,0.69
LG116,1,0,0.33
LG116,2,0,0.18
LG116,3,0,0.26
LG116,4,0,0.31
LG116,5,0,0.86
LG116,10,0,0.83
LG116,11,0,0.22
LG116,12,0,0.23
LG117,1,0,0.02
LG117,2,0,0.02
LG117,3,0,0.03
LG117,4,0,0.03
LG117,5,0,0.65
LG117,10,0,0.89
LG117,11,0,0.3
LG117,12,0,0.14
LG118,1,0,0.19
LG118,2,0,0.36
LG118,3,0,0.46
LG118,4,0,0.3
LG118,5,0,0.74
LG118,10,0,0.94
LG118,11,0,0.31
LG118,12,0,0.28
LG120,1,0,0
LG120,2,0,0
LG120,3,0,0
LG120,10,0,0.8
LG120,11,0,0
LG120,12,0,0.07
LG129,1,0,0.32
LG129,2,0,0.28
LG129,3,0,0.95
LG129,4,0,0.86
LG129,5,0,0.92
LG129,10,0,0.97
LG129,11,0,0.52
LG129,12,0,0.55
LG130,1,0,0.44
LG130,2,0,0.56
LG130,3,0,0.69
LG130,4,0,0.8
LG130,5,0,1
LG130,10,0,0.92
LG130,11,0,0.3
LG130,12,0,0.95
LG131,1,0,0.77
LG131,2,0,0.74
LG131,3,0,0.88
LG131,4,0,0.94
LG131,5,0,0.97
LG131,10,0,0.99
LG131,11,0,0.97
LG131,12,0,0.85
LG132,1,1,0.32
LG132,2,1,0.35
LG132,3,1,0.34
LG132,4,1,0.67
LG132,5,1,0.91
LG132,10,1,0.89
LG132,11,1,0.55
LG132,12,1,0.31
LG133,1,0,0.65
LG133,2,0,0.79
LG133,3,0,0.66
LG133,4,0,0.71
LG133,5,0,0.84
LG133,10,0,0.99
LG133,11,0,0.73
LG133,12,0,0.61
LG134,1,0,0
LG134,2,0,0.01
LG134,3,0,0.02
LG134,4,0,0.67
LG134,5,0,0.98
LG134,10,0,0.22
LG134,11,0,0.31
LG134,12,0,0.04
LG135,1,0,0.28
LG135,2,0,0.14
LG135,3,0,0.1
LG135,4,0,0.3
LG135,5,0,0.44
LG135,10,0,0.45
LG135,11,0,0.47
LG135,12,0,0.34
LG137,1,0,0.15
LG137,2,0,0.1
LG137,3,0,0
LG137,4,0,0.01
LG137,5,0,0.12
LG137,10,0,0.39
LG137,11,0,0.36
LG137,12,0,0.17
LG138,1,0,0.02
LG138,2,0,0.07
LG138,3,0,0.02
LG138,4,0,0.2
LG138,5,0,0.59
LG138,10,0,0.9
LG138,11,0,0.58
LG138,12,0,0.24
LG139,1,0,0
LG139,2,0,0
LG139,3,0,0
LG139,4,0,0.16
LG139,5,0,0.78
LG139,10,0,0.64
LG139,11,0,0.52
LG139,12,0,0.09
LG140,1,1,0.58
LG140,2,1,0.93
LG140,3,1,0.99
LG140,4,1,0.88
LG140,5,1,0.92
LG140,10,1,0.95
LG140,11,1,0.55
LG140,12,1,0.73
LG141,1,0,0.49
LG141,2,0,0.47
LG141,3,0,0.64
LG141,4,0,0.71
LG141,5,0,0.88
LG141,10,0,0.96
LG141,11,0,0.49
LG141,12,0,0.44
LG143,1,1,0.2
LG143,2,1,0.24
LG143,3,1,0.31
LG143,4,1,0.38
LG143,5,1,0.62
LG143,10,1,0.96
LG143,11,1,0.51
LG143,12,1,0.23
LG144,1,0,0.03
LG144,2,0,0.07
LG144,3,0,0.03
LG144,4,0,0.08
LG144,5,0,0.59
LG144,10,0,0.89
LG144,11,0,0.15
LG144,12,0,0.07
LG145,1,0,0.01
LG145,2,0,0.01
LG145,3,0,0.11
LG145,4,0,0.3
LG145,5,0,0.82
LG145,10,0,0.95
LG145,11,0,0.5
LG145,12,0,0.07
LG146,1,0,0.25
LG146,2,0,0.61
LG146,3,0,0.77
LG146,4,0,0.86
LG146,5,0,0.95
LG146,10,0,0.97
LG146,11,0,0.74
LG146,12,0,0.56
LG147,1,1,0.01
LG147,2,1,0
LG147,3,1,0.01
LG147,4,1,0.03
LG147,5,1,0.39
LG147,10,1,0.87
LG147,11,1,0.48
LG147,12,1,0
LG148,1,0,0.11
LG148,2,0,0.15
LG148,3,0,0.24
LG148,4,0,0.51
LG148,5,0,0.94
LG148,10,0,0.89
LG148,11,0,0.43
LG148,12,0,0.15
LG149,1,0,0.32
LG149,2,0,0.07
LG149,3,0,0.21
LG149,4,0,0.72
LG149,5,0,0.96
LG149,10,0,0.94
LG149,11,0,0.19
LG149,12,0,0.32
LG150,1,1,0.4
LG150,2,1,0.13
LG150,3,1,0.06
LG150,4,1,0.56
LG150,5,1,0.85
LG150,10,1,0.9
LG150,11,1,0.76
LG150,12,1,0.16
LG151,1,1,0.01
LG151,2,1,0.02
LG151,3,1,0.01
LG151,4,1,0.06
LG151,5,1,0.04
LG151,10,1,0.33
LG151,11,1,0.18
LG151,12,1,0.01
LG152,1,1,0.41
LG152,2,1,0.08
LG152,3,1,0.02
LG152,4,1,0.09
LG152,5,1,0.06
LG152,10,1,0.32
LG152,11,1,0.21
LG152,12,1,0.38
LG153,1,0,0.09
LG153,2,0,0.48
LG153,3,0,0.44
LG153,4,0,0.55
LG153,5,0,0.74
LG153,10,0,0.93
LG153,11,0,0.32
LG153,12,0,0.13
LG154,1,0,0.01
LG154,2,0,0.08
LG154,3,0,0.08
LG154,4,0,0.15
LG154,5,0,0.63
LG154,10,0,0.87
LG154,11,0,0.33
LG154,12,0,0.09
LG155,1,0,0.05
LG155,2,0,0.13
LG155,3,0,0
LG155,4,0,0
LG155,5,0,0.22
LG155,10,0,0.87
LG155,11,0,0.2
LG155,12,0,0
LG156,1,0,0.13
LG156,2,0,0
LG156,3,0,0.11
LG156,4,0,0.05
LG156,5,0,0.11
LG156,10,0,0.74
LG156,11,0,0.24
LG156,12,0,0.2
LG157,1,0,0.06
LG157,2,0,0.3
LG157,3,0,0.52
LG157,4,0,0.5
LG157,5,0,0.67
LG157,10,0,0.9
LG157,11,0,0.39
LG157,12,0,0.3
LG158,1,0,0.59
LG158,2,0,0.75
LG158,3,0,0.55
LG158,4,0,0.78
LG158,5,0,0.58
LG158,10,0,0.82
LG158,11,0,0.38
LG158,12,0,0.6
LG159,1,1,0.49
LG159,2,1,0.64
LG159,3,1,0.67
LG159,4,1,0.6
LG159,5,1,0.56
LG159,10,1,0.92
LG159,11,1,0.32
LG159,12,1,0.31
LG160,1,0,0.16
LG160,2,0,0.1
LG160,3,0,0.09
LG160,4,0,0
LG160,5,0,0.76
LG160,10,0,0.79
LG160,11,0,0.27
LG160,12,0,0.07
LG161,1,0,0.38
LG161,2,0,0.49
LG161,3,0,0.74
LG161,4,0,0.8
LG161,5,0,0.88
LG161,10,0,0.98
LG161,11,0,0.6
LG161,12,0,0.18
LG162,1,0,0.23
LG162,2,0,0.06
LG162,3,0,0.06
LG162,4,0,0.2
LG162,5,0,0.91
LG162,10,0,0.95
LG162,11,0,0.45
LG162,12,0,0.18
LG163,1,0,0.33
LG163,2,0,0.84
LG163,3,0,0.95
LG163,4,0,0.91
LG163,5,0,0.65
LG163,10,0,0.94
LG163,11,0,0.27
LG163,12,0,0.33
LG164,1,0,0.37
LG164,2,0,0.54
LG164,3,0,0.67
LG164,4,0,0.77
LG164,5,0,0.87
LG164,10,0,0.99
LG164,11,0,0.69
LG164,12,0,0.36
LG166,1,0,0
LG166,2,0,0.41
LG166,3,0,0.98
LG166,4,0,0.97
LG166,5,0,1
LG166,10,0,0.99
LG166,11,0,0.35
LG166,12,0,0
LG167,1,1,0.09
LG167,2,1,0.04
LG167,3,1,0.09
LG167,4,1,0.3
LG167,5,1,0.82
LG167,10,1,0.9
LG167,11,1,0.34
LG167,12,1,0.19
LG168,1,0,0.2
LG168,2,0,0.1
LG168,3,0,0.16
LG168,4,0,0.56
LG168,5,0,0.86
LG168,10,0,0.91
LG168,11,0,0.44
LG168,12,0,0.06
LG169,1,1,0.54
LG169,2,1,0.49
LG169,3,1,0.79
LG169,4,1,0.52
LG169,5,1,0.79
LG169,10,1,0.97
LG169,11,1,0.74
LG169,12,1,0.47
LG170,10,1,0.51
LG170,11,1,0.79
LG172,1,0,0.35
LG172,2,0,0.25
LG172,3,0,0.56
LG172,4,0,0.69
LG172,5,0,0.93
LG172,10,0,0.9
LG172,11,0,0.51
LG172,12,0,0.29
LG173,1,1,0.03
LG173,2,1,0.04
LG173,3,1,0.12
LG173,4,1,0.26
LG173,5,1,0.81
LG173,10,1,0.84
LG173,11,1,0.78
LG173,12,1,0.15
LG174,1,1,0.01
LG174,2,1,0.17
LG174,3,1,0.37
LG174,4,1,0.44
LG174,5,1,0.88
LG174,10,1,0.84
LG174,11,1,0.29
LG174,12,1,0.02
LG175,1,0,0.13
LG175,2,0,0.17
LG175,3,0,0.12
LG175,4,0,0.12
LG175,5,0,0.69
LG175,10,0,0.85
LG175,11,0,0.38
LG175,12,0,0.09
LG176,1,0,0.07
LG176,2,0,0.15
LG176,3,0,0.07
LG176,4,0,0.14
LG176,5,0,0.44
LG176,10,0,0.66
LG176,11,0,0.41
LG176,12,0,0.01
LG177,1,1,0.16
LG177,2,1,0.13
LG177,3,1,0.13
LG177,4,1,0.51
LG177,5,1,0.85
LG177,10,1,0.74
LG177,11,1,0.39
LG177,12,1,0.08
LG178,1,0,0.22
LG178,2,0,0.34
LG178,3,0,0.36
LG178,4,0,0.38
LG178,5,0,0.79
LG178,10,0,0.81
LG178,11,0,0.56
LG178,12,0,0.27
LG179,1,0,0.15
LG179,2,0,0.11
LG179,3,0,0.12
LG179,4,0,0.37
LG179,5,0,0.72
LG179,10,0,0.96
LG179,11,0,0.53
LG179,12,0,0.1
LG180,1,0,0.03
LG180,2,0,0.03
LG180,3,0,0.07
LG180,4,0,0.56
LG180,10,0,0.67
LG180,11,0,0.45
LG180,12,0,0.15
LG181,1,0,0.67
LG181,10,0,0.72
LG181,11,0,0.82
LG181,12,0,0.23
LG182,1,1,0.75
LG182,2,1,0.74
LG182,3,1,0.72
LG182,4,1,0.45
LG182,10,1,0.83
LG182,11,1,0.64
LG182,12,1,0.19
LG183,1,1,0.05
LG183,2,1,0.04
LG183,3,1,0.02
LG183,4,1,0.02
LG183,5,1,0.52
LG183,10,1,0.77
LG183,11,1,0.56
LG183,12,1,0.01
LG184,1,0,0.2
LG184,2,0,0.46
LG184,3,0,0.32
LG184,4,0,0.39
LG184,5,0,0.51
LG184,10,0,0.91
LG184,11,0,0.68
LG184,12,0,0.28
LG187,10,0,0.87
LG188,1,0,0.19
LG188,2,0,0.12
LG188,3,0,0.1
LG188,4,0,0.33
LG188,5,0,0.84
LG188,10,0,0.74
LG188,11,0,0.57
LG188,12,0,0.22
LG189,1,1,0.42
LG189,2,1,0.71
LG189,3,1,0.67
LG189,4,1,0.77
LG189,5,1,0.91
LG189,10,1,0.84
LG189,11,1,0.91
LG189,12,1,0.39
LG190,1,0,0.07
LG190,2,0,0.05
LG190,3,0,0.13
LG190,4,0,0.07
LG190,5,0,0.68
LG190,10,0,0.92
LG190,11,0,0.55
LG190,12,0,0.11
LG191,1,0,0.09
LG191,2,0,0.26
LG191,3,0,0.17
LG191,4,0,0.39
LG191,5,0,0.82
LG191,10,0,0.91
LG191,11,0,0.46
LG191,12,0,0.36
LG192,1,0,1
LG192,2,0,1
LG192,3,0,0.99
LG192,4,0,1
LG192,5,0,1
LG192,10,0,1
LG192,11,0,1
LG192,12,0,0.99
LG193,1,0,0.02
LG193,2,0,0.15
LG193,3,0,0.06
LG193,4,0,0.6
LG193,5,0,0.81
LG193,10,0,0.94
LG193,11,0,0.51
LG193,12,0,0.06
LG194,1,0,0.01
LG194,2,0,0.12
LG194,3,0,0.21
LG194,4,0,0.74
LG194,5,0,0.31
LG194,10,0,0.8
LG194,11,0,0.72
LG194,12,0,0.24
LG195,1,0,0.15
LG195,2,0,0.28
LG195,3,0,0.38
LG195,4,0,0.93
LG195,5,0,0.97
LG195,10,0,0.95
LG195,11,0,0.97
LG195,12,0,0.49
LG196,1,0,0.08
LG196,2,0,0.18
LG196,3,0,0.47
LG196,4,0,0.65
LG196,5,0,0.94
LG196,10,0,0.7
LG196,11,0,0.59
LG196,12,0,0.37
LG197,1,0,0.46
LG197,2,0,0.45
LG197,3,0,0.54
LG197,4,0,0.08
LG197,10,0,0.94
LG197,11,0,0.76
LG197,12,0,0.38
LG198,1,0,0.09
LG198,2,0,0.35
LG198,3,0,0.66
LG198,4,0,0.97
LG198,5,0,0.96
LG198,10,0,0.83
LG198,11,0,0.81
LG198,12,0,0.37
LG199,1,0,0.96
LG199,2,0,0.03
LG199,3,0,0.16
LG199,4,0,0.85
LG199,10,0,0.78
LG199,11,0,0.95
LG199,12,0,0.99
LG200,1,0,0.07
LG200,2,0,0.13
LG200,3,0,0.34
LG200,4,0,1
LG200,10,0,0.83
LG200,11,0,0.69
LG200,12,0,0.23
LG201,1,0,0.64
LG201,2,0,0.26
LG201,3,0,0.18
LG201,10,0,1
LG201,11,0,0.99
LG201,12,0,0.86
LG202,1,0,0.66
LG202,2,0,0.74
LG202,3,0,0.8
LG202,10,0,0.99
LG202,11,0,0.85
LG202,12,0,0.5
LG204,1,0,0.47
LG204,2,0,0.47
LG204,3,0,0.65
LG204,4,0,0.63
LG204,5,0,0.9
LG204,10,0,0.93
LG204,11,0,0.55
LG204,12,0,0.4
LG205,1,0,0.03
LG205,2,0,0.01
LG205,3,0,0.05
LG205,4,0,0.11
LG205,5,0,0.68
LG205,10,0,0.7
LG205,11,0,0.36
LG205,12,0,0.1
LG206,1,0,0.03
LG206,2,0,0.13
LG206,3,0,0.08
LG206,4,0,0.05
LG206,5,0,0.64
LG206,10,0,0.69
LG206,11,0,0.43
LG206,12,0,0.11
LG207,1,0,0.04
LG207,2,0,0.01
LG207,3,0,0
LG207,4,0,0.04
LG207,5,0,0.29
LG207,10,0,0.62
LG207,11,0,0.23
LG207,12,0,0.04
LG208,1,0,0.36
LG208,2,0,0.07
LG208,3,0,0
LG208,4,0,0.28
LG208,5,0,0.62
LG208,10,0,0.54
LG208,11,0,0.52
LG208,12,0,0.13
LG209,1,0,0.89
LG209,2,0,0.84
LG209,3,0,0.92
LG209,4,0,0.98
LG209,5,0,1
LG209,10,0,0.93
LG209,11,0,0.99
LG209,12,0,0.62
LG210,1,0,0.68
LG210,2,0,0.47
LG210,3,0,0.75
LG210,4,0,0.88
LG210,5,0,0.99
LG210,10,0,0.95
LG210,11,0,0.76
LG210,12,0,0.65
LG211,1,0,0.05
LG211,2,0,0.07
LG211,3,0,0.02
LG211,4,0,0.06
LG211,5,0,0.74
LG211,10,0,0.76
LG211,11,0,0.18
LG211,12,0,0.02
LG212,1,0,0.16
LG212,2,0,0.04
LG212,3,0,0.17
LG212,4,0,0.27
LG212,5,0,0.3
LG212,10,0,0.76
LG212,11,0,0.19
LG212,12,0,0.05
LG215,1,1,0.29
LG215,2,1,0.28
LG215,3,1,0.15
LG215,10,1,0.8
LG215,11,1,0.15
LG215,12,1,0.15
KG001,1,0,0.95
KG001,2,0,0.96
KG001,3,0,1
KG001,4,0,0.96
KG001,5,0,0.95
KG001,10,0,0.96
KG001,11,0,0.97
KG001,12,0,0.96
KG002,10,0,0.97
KG002,11,0,1
KG002,12,0,0.98
KG003,1,0,0.99
KG003,2,0,0.98
KG003,3,0,0.96
KG003,4,0,1
KG003,5,0,0.98
KG003,10,0,0.92
KG003,11,0,0.99
KG003,12,0,0.99
KG004,1,0,1
KG004,2,0,0.96
KG004,3,0,0.97
KG004,4,0,0.93
KG004,5,0,0.98
KG004,10,0,0.97
KG004,11,0,0.99
KG004,12,0,0.92
KG005,1,0,0.98
KG005,2,0,0.95
KG005,3,0,0.98
KG005,4,0,0.97
KG005,5,0,0.97
KG005,10,0,0.98
KG005,11,0,0.99
KG005,12,0,0.97
KG007,1,0,0.96
KG007,2,0,0.92
KG007,3,0,0.8
KG007,4,0,0.91
KG007,5,0,0.87
KG007,10,0,0.79
KG007,11,0,0.9
KG007,12,0,0.94
KG008,1,0,0.89
KG008,2,0,0.84
KG008,3,0,0.84
KG008,4,0,0.95
KG008,5,0,0.99
KG008,10,0,0.99
KG008,11,0,0.8
KG008,12,0,0.93
KG010,1,0,0.05
KG010,2,0,0.03
KG010,3,0,0.08
KG010,4,0,0.06
KG010,5,0,0.34
KG010,10,0,0.69
KG010,11,0,0.25
KG010,12,0,0.09
KG011,10,0,0
KG011,11,0,0
KG013,1,0,0
KG013,10,0,0.74
KG013,11,0,0.57
KG013,12,0,0
KG014,10,0,0.96
KG014,11,0,0.95
KG014,12,0,1
KG016,1,0,0.98
KG016,2,0,0.98
KG016,3,0,0.95
KG016,4,0,0.93
KG016,5,0,0.95
KG016,10,0,0.83
KG016,11,0,0.82
KG016,12,0,0.98
KG017,1,0,0.7
KG017,2,0,0.75
KG017,3,0,0.76
KG017,4,0,0.88
KG017,5,0,0.97
KG017,10,0,0.95
KG017,11,0,0.86
KG017,12,0,0.68
KG019,1,0,0.28
KG019,2,0,0.4
KG019,3,0,0.52
KG019,4,0,0.65
KG019,5,0,0.91
KG019,10,0,0.88
KG019,11,0,0.82
KG019,12,0,0.32
KG021,1,0,0.97
KG021,2,0,0.97
KG021,3,0,0.99
KG021,4,0,1
KG021,5,0,0.99
KG021,10,0,0.99
KG021,11,0,0.98
KG021,12,0,0.99
KG025,1,0,0.02
KG025,2,0,0.18
KG025,3,0,0.39
KG025,4,0,0.47
KG025,5,0,0.47
KG025,10,0,0.72
KG025,11,0,0.56
KG025,12,0,0.18
KG029,1,0,0.59
KG029,2,0,0.68
KG029,3,0,0.68
KG029,4,0,0.99
KG029,5,0,0.98
KG029,10,0,0.89
KG029,11,0,0.79
KG029,12,0,0.52
KG030,1,0,0.86
KG030,2,0,0.82
KG030,3,0,0.82
KG030,4,0,0.99
KG030,5,0,1
KG030,10,0,0.83
KG030,11,0,0.98
KG030,12,0,0.97
KG031,1,0,0.34
KG031,2,0,0.16
KG031,3,0,0.25
KG031,4,0,0.48
KG031,5,0,0.7
KG031,10,0,0.62
KG031,11,0,0.18
KG031,12,0,0.36
KG032,1,0,0.75
KG032,2,0,0.8
KG032,10,0,1
KG032,11,0,0.98
KG032,12,0,0.99
KG036,1,0,1
KG036,2,0,0.99
KG036,3,0,0.99
KG036,4,0,1
KG036,5,0,0.98
KG036,10,0,0.94
KG036,11,0,0.79
KG036,12,0,0.84
KG038,10,0,0.54
KG038,11,0,0.45
KG038,12,0,0.38
KG039,1,0,0.71
KG039,2,0,0.59
KG039,3,0,0.61
KG039,4,0,0.76
KG039,5,0,0.84
KG039,10,0,0.84
KG039,11,0,0.32
KG039,12,0,0.31
KG040,1,0,0.98
KG040,2,0,1
KG040,3,0,0.98
KG040,4,0,1
KG040,5,0,1
KG040,10,0,1
KG040,11,0,1
KG040,12,0,1
KG041,1,0,0.85
KG041,2,0,0.85
KG041,3,0,0.94
KG041,4,0,0.95
KG041,5,0,0.91
KG041,10,0,0.85
KG041,11,0,0.94
KG041,12,0,0.97
KG042,1,0,0.95
KG042,2,0,0.98
KG042,3,0,0.96
KG042,4,0,0.97
KG042,5,0,0.89
KG042,10,0,0.9
KG042,11,0,0.97
KG042,12,0,0.99
KG043,1,0,0.17
KG043,2,0,0.06
KG043,3,0,0.02
KG043,4,0,0.07
KG043,5,0,0.36
KG043,10,0,0.5
KG043,11,0,0.43
KG043,12,0,0.26
KG045,1,0,0.43
KG045,2,0,0
KG045,3,0,0.02
KG045,4,0,0.28
KG045,5,0,0.97
KG045,10,0,0.97
KG045,11,0,0.3
KG045,12,0,0.49
KG046,1,0,0
KG046,2,0,0
KG046,3,0,0.15
KG046,4,0,0.37
KG046,5,0,0.95
KG046,10,0,0.84
KG046,11,0,0.84
KG046,12,0,0.08
KG047,1,0,0.27
KG047,2,0,0.32
KG047,3,0,0
KG047,4,0,0.04
KG047,5,0,0.86
KG047,10,0,0.47
KG047,11,0,0.88
KG047,12,0,0.52
KG048,1,0,0.98
KG048,2,0,0.87
KG048,3,0,0.92
KG048,4,0,0.96
KG048,5,0,0.93
KG048,10,0,0.92
KG048,11,0,0.94
KG048,12,0,0.92
KG050,1,0,0.84
KG050,2,0,0.87
KG050,3,0,0.76
KG050,4,0,0.9
KG050,5,0,0.96
KG050,10,0,0.75
KG050,11,0,0.83
KG050,12,0,0.82
KG051,1,0,0.16
KG051,2,0,0.13
KG051,3,0,0.17
KG051,4,0,0.37
KG051,5,0,0.48
KG051,10,0,0.77
KG051,11,0,0.28
KG051,12,0,0.13
KG052,1,0,0.45
KG052,2,0,0.3
KG052,3,0,0.34
KG052,4,0,0.23
KG052,5,0,0.67
KG052,10,0,0.85
KG052,11,0,0.58
KG052,12,0,0.27
KG053,1,0,0.26
KG053,2,0,0.19
KG053,3,0,0.1
KG053,4,0,0.29
KG053,5,0,0.7
KG053,10,0,0.66
KG053,11,0,0.26
KG053,12,0,0.2
KG054,1,0,0.96
KG054,2,0,0.94
KG054,3,0,0.93
KG054,4,0,0.96
KG054,5,0,0.96
KG054,10,0,0.89
KG054,11,0,0.95
KG054,12,0,0.99
KG056,1,0,0.35
KG056,2,0,0.31
KG056,3,0,0.29
KG056,4,0,0.33
KG056,5,0,0.72
KG056,10,0,1
KG056,11,0,1
KG056,12,0,0.8
KG057,1,0,0.9
KG057,2,0,1
KG057,3,0,1
KG057,4,0,1
KG057,5,0,1
KG057,10,0,0.63
KG057,11,0,0.71
KG057,12,0,0.15
KG058,1,0,0.66
KG058,2,0,0.74
KG058,3,0,0.06
KG058,4,0,0.59
KG058,5,0,0.98
KG058,10,0,0.96
KG058,11,0,0.96
KG058,12,0,0.95
KG060,1,0,0.41
KG060,2,0,0.53
KG060,3,0,0.7
KG060,4,0,0.86
KG060,5,0,0.96
KG060,10,0,0.67
KG060,11,0,0.67
KG060,12,0,0.33
KG061,1,0,0.95
KG061,2,0,0.97
KG061,3,0,0.99
KG061,4,0,0.99
KG061,5,0,0.94
KG061,10,0,0.86
KG061,11,0,0.96
KG061,12,0,0.99
KG062,1,0,0.68
KG062,2,0,0.44
KG062,3,0,0.17
KG062,4,0,0.34
KG062,5,0,0.54
KG062,10,0,0.71
KG062,11,0,0.81
KG062,12,0,0.26
KG063,1,0,1
KG063,2,0,1
KG063,3,0,0.85
KG063,10,0,0.98
KG063,11,0,1
KG063,12,0,1
KG066,1,0,0.91
KG066,2,0,0.83
KG066,3,0,0.93
KG066,4,0,0.98
KG066,5,0,0.99
KG066,10,0,0.81
KG066,11,0,0.84
KG066,12,0,0.77
KG067,1,0,0.99
KG067,2,0,0.95
KG067,3,0,0.84
KG067,4,0,0.96
KG067,5,0,0.99
KG067,10,0,0.95
KG067,11,0,0.98
KG067,12,0,0.99
KG068,1,0,0.58
KG068,2,0,0.77
KG068,3,0,0.93
KG068,4,0,1
KG068,5,0,1
KG068,10,0,1
KG068,11,0,0.94
KG068,12,0,0.78
KG070,1,0,1
KG070,2,0,1
KG070,3,0,1
KG070,4,0,1
KG070,5,0,0.99
KG070,10,0,1
KG070,11,0,1
KG070,12,0,1
KG071,10,0,0.98
KG071,11,0,0.95
KG071,12,0,0.55
KG075,1,0,0.79
KG075,2,0,0.83
KG075,3,0,0.68
KG075,4,0,0.57
KG075,10,0,0.96
KG075,11,0,0.54
KG075,12,0,0.44
KG076,1,0,0.42
KG076,2,0,0.11
KG076,3,0,0.33
KG076,4,0,0.43
KG076,10,0,0.96
KG076,11,0,0.84
KG076,12,0,0.42
KG078,1,0,1
KG078,2,0,1
KG078,3,0,1
KG078,4,0,1
KG078,10,0,0.96
KG078,11,0,0.98
KG078,12,0,1
KG080,1,0,0.94
KG080,2,0,0.72
KG080,3,0,0.77
KG080,4,0,0.97
KG080,5,0,0.9
KG080,10,0,0.78
KG080,11,0,0.81
KG080,12,0,0.84
KG081,1,0,0.92
KG081,2,0,0.96
KG081,3,0,0.94
KG081,4,0,0.94
KG081,5,0,1
KG081,10,0,0.96
KG081,11,0,0.96
KG081,12,0,0.99
KG082,1,0,0.49
KG082,2,0,0.72
KG082,3,0,0.81
KG082,4,0,0.67
KG082,5,0,0.94
KG082,10,0,0.95
KG082,11,0,0.93
KG082,12,0,0.52
KG083,1,0,0.35
KG083,2,0,0.47
KG083,3,0,0.72
KG083,4,0,0.56
KG083,5,0,0.72
KG083,10,0,0.74
KG083,11,0,0.52
KG083,12,0,0.36
KG084,1,0,0.99
KG084,2,0,1
KG084,3,0,1
KG084,4,0,0.97
KG084,5,0,0.97
KG084,10,0,0.96
KG084,11,0,0.95
KG084,12,0,0.97
KG085,1,0,0.26
KG085,2,0,0.4
KG085,3,0,0.33
KG085,4,0,0.39
KG085,10,0,0.86
KG085,11,0,0.69
KG085,12,0,0.13
KG086,1,0,0.99
KG086,2,0,0.97
KG086,3,0,0.97
KG086,4,0,1
KG086,5,0,1
KG086,10,0,1
KG086,11,0,1
KG086,12,0,0.99
KG087,1,0,0.55
KG087,2,0,0.59
KG087,3,0,0.77
KG087,4,0,0.61
KG087,5,0,0.66
KG087,10,0,0.84
KG087,11,0,0.6
KG087,12,0,0.59
KG089,1,0,0.56
KG089,2,0,0.44
KG089,3,0,0.54
KG089,4,0,0.62
KG089,5,0,0.96
KG089,10,0,0.83
KG089,11,0,0.9
KG089,12,0,0.8
KG090,1,0,0.28
KG090,2,0,0.54
KG090,3,0,0.37
KG090,4,0,0.46
KG090,5,0,0.7
KG090,10,0,0.95
KG090,11,0,0.63
KG090,12,0,0.31
KG091,1,0,0.94
KG091,2,0,0.98
KG091,3,0,0.91
KG091,4,0,1
KG091,5,0,1
KG091,10,0,1
KG091,11,0,0.95
KG091,12,0,0.97
KG006,1,1,0.82
KG006,2,1,0.83
KG006,10,1,0.92
KG006,11,1,0.95
KG006,12,1,0.85
KG009,1,1,0.88
KG009,2,1,0.92
KG009,3,1,0.99
KG009,4,1,1
KG009,10,1,0.9
KG009,11,1,0.69
KG009,12,1,0.51
KG012,1,1,0.65
KG012,2,1,0.95
KG012,3,1,1
KG012,4,1,1
KG012,5,1,0.99
KG012,10,1,0.96
KG012,11,1,0.6
KG012,12,1,0.46
KG015,1,1,0.98
KG015,2,1,1
KG015,3,1,0.99
KG015,4,1,1
KG015,5,1,0.98
KG015,10,1,0.97
KG015,11,1,0.9
KG015,12,1,1
KG018,1,1,0.28
KG018,2,1,0.3
KG018,3,1,0.25
KG018,4,1,0.43
KG018,5,1,0.63
KG018,10,1,0.85
KG018,11,1,0.87
KG018,12,1,0.15
KG020,1,1,0.81
KG020,2,1,0.61
KG020,3,1,0.66
KG020,4,1,0.88
KG020,5,1,1
KG020,10,1,0.76
KG020,11,1,0.98
KG020,12,1,0.89
KG022,1,1,0.97
KG022,2,1,0.99
KG022,3,1,0.97
KG022,4,1,0.99
KG022,10,1,0.98
KG022,11,1,1
KG022,12,1,1
KG023,1,1,1
KG023,10,1,1
KG023,11,1,1
KG023,12,1,0.9
KG026,1,1,0.75
KG026,2,1,0.82
KG026,3,1,0.8
KG026,4,1,0.88
KG026,5,1,0.96
KG026,10,1,1
KG026,11,1,0.97
KG026,12,1,0.72
KG027,1,1,1
KG027,2,1,1
KG027,3,1,1
KG027,4,1,1
KG027,10,1,0.85
KG027,11,1,1
KG027,12,1,0.98
KG033,1,1,1
KG033,2,1,0.99
KG033,3,1,0.99
KG033,4,1,0.99
KG033,5,1,0.99
KG033,10,1,1
KG033,11,1,1
KG033,12,1,0.97
KG034,1,1,0.18
KG034,2,1,0.22
KG034,3,1,0.26
KG034,4,1,0.27
KG034,5,1,0.72
KG034,10,1,0.91
KG034,11,1,0.41
KG034,12,1,0.11
KG035,10,1,0.8
KG035,11,1,0.48
KG037,1,1,0.88
KG037,2,1,0.92
KG037,3,1,0.98
KG037,4,1,0.93
KG037,5,1,0.9
KG037,10,1,1
KG037,11,1,0.81
KG037,12,1,0.84
KG044,1,1,0.98
KG044,2,1,1
KG044,3,1,1
KG044,4,1,1
KG044,5,1,0.99
KG044,10,1,0.91
KG044,11,1,0.99
KG044,12,1,1
KG049,10,1,0.99
KG049,11,1,1
KG055,1,1,1
KG055,2,1,1
KG055,3,1,1
KG055,4,1,0.95
KG055,5,1,0.9
KG055,10,1,0.85
KG055,11,1,0.64
KG055,12,1,0.99
KG059,1,1,0.44
KG059,2,1,0.69
KG059,3,1,0.76
KG059,4,1,0.89
KG059,5,1,0.9
KG059,10,1,0.76
KG059,11,1,0.65
KG059,12,1,0.29
KG064,1,1,1
KG064,2,1,1
KG064,10,1,1
KG064,11,1,0.99
KG064,12,1,1
KG069,1,1,1
KG069,2,1,1
KG069,3,1,1
KG069,4,1,1
KG069,5,1,1
KG069,10,1,0.81
KG069,11,1,1
KG069,12,1,1
KG073,1,1,0.4
KG073,2,1,0.61
KG073,3,1,0.72
KG073,4,1,0.94
KG073,5,1,0.96
KG073,10,1,0.93
KG073,11,1,0.97
KG073,12,1,0.73
KG074,1,1,0.5
KG074,2,1,0.54
KG074,3,1,0.69
KG074,4,1,0.64
KG074,5,1,0.78
KG074,10,1,0.79
KG074,11,1,0.73
KG074,12,1,0.49
KG077,10,1,0.93
KG077,11,1,0.98
KG079,1,1,1
KG079,2,1,1
KG079,3,1,1
KG079,4,1,1
KG079,10,1,0.99
KG079,11,1,0.96
KG079,12,1,1
KG088,1,1,0.16
KG088,2,1,0.13
KG088,3,1,0.15
KG088,4,1,0.12
KG088,5,1,0.5
KG088,10,1,0.96
KG088,11,1,0.43
KG088,12,1,0.11
KG097,1,1,0.94
KG097,2,1,1
KG097,3,1,1
KG097,4,1,1
KG097,10,1,0.99
KG097,11,1,0.97
KG097,12,1,0.98
KG106,1,1,0.98
KG106,2,1,0.64
KG106,3,1,0.4
KG106,4,1,0.95
KG106,5,1,0.96
KG106,10,1,0.89
KG106,11,1,0.97
KG106,12,1,0.83
KG092,1,0,0.88
KG092,2,0,0.77
KG092,3,0,0.32
KG092,4,0,0.49
KG092,5,0,0.98
KG092,10,0,0.99
KG092,11,0,1
KG092,12,0,0.97
KG093,1,0,0.96
KG093,2,0,0.63
KG093,3,0,0.76
KG093,4,0,0.98
KG093,5,0,1
KG093,10,0,0.84
KG093,11,0,0.59
KG093,12,0,0.78
KG094,1,0,0.98
KG094,2,0,0.92
KG094,3,0,0.95
KG094,4,0,0.93
KG094,5,0,0.98
KG094,10,0,0.98
KG094,11,0,0.96
KG094,12,0,0.92
KG095,10,0,1
KG096,1,0,0.93
KG096,2,0,0.9
KG096,3,0,0.98
KG096,4,0,0.99
KG096,5,0,1
KG096,10,0,0.92
KG096,11,0,0.93
KG096,12,0,0.94
KG098,1,0,0.95
KG098,2,0,0.99
KG098,3,0,1
KG098,4,0,1
KG098,5,0,1
KG098,10,0,1
KG098,11,0,0.99
KG098,12,0,1
KG099,1,0,1
KG099,2,0,1
KG099,3,0,0.98
KG099,4,0,0.97
KG099,5,0,0.99
KG099,10,0,0.99
KG099,11,0,1
KG099,12,0,0.99
KG100,1,0,1
KG100,2,0,1
KG100,3,0,1
KG100,4,0,1
KG100,5,0,1
KG100,10,0,0.97
KG100,11,0,0.98
KG100,12,0,0.94
KG101,1,0,1
KG101,2,0,1
KG101,3,0,1
KG101,4,0,1
KG101,5,0,1
KG101,10,0,1
KG101,11,0,1
KG101,12,0,1
KG103,1,0,1
KG103,2,0,1
KG103,3,0,1
KG103,4,0,0.92
KG103,5,0,0.9
KG103,10,0,0.89
KG103,11,0,0.98
KG103,12,0,0.99
KG104,1,0,1
KG104,2,0,0.96
KG104,3,0,0.97
KG104,4,0,0.89
KG104,5,0,0.99
KG104,10,0,1
KG104,11,0,0.98
KG104,12,0,0.97
KG105,1,0,0.97
KG105,2,0,1
KG105,3,0,1
KG105,4,0,0.99
KG105,5,0,0.99
KG105,10,0,0.96
KG105,11,0,0.97
KG105,12,0,0.97
BG001,1,0,0.99
BG001,2,0,0.95
BG001,3,0,0.9
BG001,4,0,0.69
BG001,5,0,0.95
BG001,10,0,0.94
BG001,11,0,0.78
BG001,12,0,0.91
BG002,1,0,0.68
BG002,2,0,0.58
BG002,3,0,0.69
BG002,4,0,0.88
BG002,5,0,0.96
BG002,10,0,0.93
BG002,11,0,0.78
BG002,12,0,0.64
BG003,1,0,0.73
BG003,2,0,0.64
BG003,3,0,0.75
BG003,4,0,0.92
BG003,5,0,0.97
BG003,10,0,0.92
BG003,11,0,0.93
BG003,12,0,0.83
BG004,1,0,0.48
BG004,2,0,0.64
BG004,3,0,0.48
BG004,4,0,0.46
BG004,5,0,0.61
BG004,10,0,0.93
BG004,11,0,0.79
BG004,12,0,0.63
BG005,1,1,0.8
BG005,2,1,0.74
BG005,3,1,0.66
BG005,4,1,0.88
BG005,5,1,0.74
BG005,10,1,0.91
BG005,11,1,0.91
BG005,12,1,0.84
BG006,1,0,0.93
BG006,2,0,0.89
BG006,3,0,0.86
BG006,4,0,0.9
BG006,5,0,0.83
BG006,10,0,0.99
BG006,11,0,0.96
BG006,12,0,0.92
BG007,1,0,0.71
BG007,2,0,0.67
BG007,3,0,0.79
BG007,4,0,0.75
BG007,5,0,0.87
BG007,10,0,0.92
BG007,11,0,0.75
BG007,12,0,0.71
BG008,1,0,0.66
BG008,2,0,0.72
BG008,3,0,0.76
BG008,4,0,0.89
BG008,5,0,0.98
BG008,10,0,0.94
BG008,11,0,0.9
BG008,12,0,0.67
BG009,1,0,0.75
BG009,2,0,0.87
BG009,3,0,0.97
BG009,4,0,0.89
BG009,5,0,0.96
BG009,10,0,0.88
BG009,11,0,0.76
BG009,12,0,0.68
BG010,1,0,0.3
BG010,2,0,0.44
BG010,3,0,0.49
BG010,4,0,0.86
BG010,5,0,0.78
BG010,10,0,0.86
BG010,11,0,0.86
BG010,12,0,0.82
BG011,1,0,0.78
BG011,2,0,0.78
BG011,3,0,0.73
BG011,4,0,0.86
BG011,5,0,0.65
BG011,10,0,0.86
BG011,11,0,0.74
BG011,12,0,0.73
BG012,1,0,0.55
BG012,2,0,0.69
BG012,3,0,0.64
BG012,4,0,0.66
BG012,5,0,0.8
BG012,10,0,0.93
BG012,11,0,0.75
BG012,12,0,0.56
BG013,1,1,0.7
BG013,2,1,0.86
BG013,3,1,0.85
BG013,4,1,0.7
BG013,5,1,0.82
BG013,10,1,0.84
BG013,11,1,0.87
BG013,12,1,0.79
BG014,1,1,0.55
BG014,2,1,0.47
BG014,3,1,0.54
BG014,4,1,0.65
BG014,5,1,0.85
BG014,10,1,0.87
BG014,11,1,0.75
BG014,12,1,0.53
BG015,1,0,0.96
BG015,2,0,0.79
BG015,3,0,0.43
BG015,4,0,0.75
BG015,5,0,0.99
BG015,10,0,0.81
BG015,11,0,0.72
BG015,12,0,0.94
BG016,1,1,0.54
BG016,2,1,0.41
BG016,3,1,0.81
BG016,4,1,0.89
BG016,5,1,0.84
BG016,10,1,0.94
BG016,11,1,0.45
BG016,12,1,0.44
BG017,1,0,0.6
BG017,2,0,0.68
BG017,3,0,0.56
BG017,4,0,0.62
BG017,5,0,0.71
BG017,10,0,0.94
BG017,11,0,0.68
BG017,12,0,0.52
BG018,1,0,0.5
BG018,2,0,0.29
BG018,3,0,0.57
BG018,4,0,0.99
BG018,5,0,0.7
BG018,10,0,0.96
BG018,11,0,0.5
BG018,12,0,0.51
BG019,1,1,0.6
BG019,2,1,0.6
BG019,3,1,0.68
BG019,4,1,0.76
BG019,5,1,0.73
BG019,10,1,0.9
BG019,11,1,0.81
BG019,12,1,0.49
BG021,1,0,0.24
BG021,2,0,0.45
BG021,3,0,0.3
BG021,4,0,0.22
BG021,5,0,0.49
BG021,10,0,0.9
BG021,11,0,0.57
BG021,12,0,0.23
BG023,1,1,0.62
BG023,2,1,0.83
BG023,3,1,0.83
BG023,4,1,0.68
BG023,5,1,0.59
BG023,10,1,0.67
BG023,11,1,0.92
BG023,12,1,0.45
BG024,1,0,0.98
BG024,2,0,0.96
BG024,3,0,0.87
BG024,4,0,0.87
BG024,5,0,0.87
BG024,10,0,0.76
BG024,11,0,0.98
BG024,12,0,0.92
BG025,1,0,0.61
BG025,2,0,0.86
BG025,3,0,0.84
BG025,4,0,0.83
BG025,5,0,0.86
BG025,10,0,0.81
BG025,11,0,0.86
BG025,12,0,0.66
BG026,1,0,0.81
BG026,2,0,0.88
BG026,3,0,0.93
BG026,4,0,0.98
BG026,5,0,0.99
BG026,10,0,0.94
BG026,11,0,0.89
BG026,12,0,0.63
BG027,1,1,0.43
BG027,2,1,0.44
BG027,10,1,0.97
BG027,11,1,0.71
BG027,12,1,0.42
BG028,1,1,0.5
BG028,2,1,0.67
BG028,3,1,0.78
BG028,4,1,0.91
BG028,5,1,0.85
BG028,10,1,0.99
BG028,11,1,0.98
BG028,12,1,0.85
BG029,1,1,0.61
BG029,2,1,0.71
BG029,3,1,0.57
BG029,4,1,0.52
BG029,5,1,0.81
BG029,10,1,0.88
BG029,11,1,0.72
BG029,12,1,0.49
BG030,1,0,0.62
BG030,2,0,0.74
BG030,3,0,0.74
BG030,4,0,0.59
BG030,5,0,0.61
BG030,10,0,0.66
BG030,11,0,0.53
BG030,12,0,0.64
BG031,1,0,0.53
BG031,2,0,0.53
BG031,3,0,0.61
BG031,4,0,0.6
BG031,5,0,0.83
BG031,10,0,0.75
BG031,11,0,0.66
BG031,12,0,0.51
BG032,1,0,0.4
BG032,2,0,0.42
BG032,3,0,0.47
BG032,4,0,0.69
BG032,5,0,0.9
BG032,10,0,0.47
BG032,11,0,0.73
BG032,12,0,0.33
BG033,1,1,0.93
BG033,2,1,0.93
BG033,3,1,0.97
BG033,4,1,0.94
BG033,5,1,0.9
BG033,10,1,0.93
BG033,11,1,0.84
BG033,12,1,0.99
BG034,1,1,0.46
BG034,2,1,0.56
BG034,3,1,0.69
BG034,4,1,0.78
BG034,5,1,0.95
BG034,10,1,0.95
BG034,11,1,0.9
BG034,12,1,0.56
BG035,1,1,0.82
BG035,2,1,0.9
BG035,3,1,0.84
BG035,4,1,0.86
BG035,5,1,0.91
BG035,10,1,0.93
BG035,11,1,0.86
BG035,12,1,0.84
BG036,1,1,0.97
BG036,2,1,0.9
BG036,3,1,0.96
BG036,4,1,0.85
BG036,5,1,0.89
BG036,10,1,0.9
BG036,11,1,0.87
BG036,12,1,0.99
BG037,1,0,0.64
BG037,2,0,0.69
BG037,3,0,0.78
BG037,4,0,0.82
BG037,5,0,0.91
BG037,10,0,0.87
BG037,11,0,0.94
BG037,12,0,0.64
BG038,1,1,0.59
BG038,2,1,0.42
BG038,3,1,0.6
BG038,4,1,0.73
BG038,5,1,0.96
BG038,10,1,0.34
BG038,11,1,0.7
BG038,12,1,0.61
BG039,1,1,0.48
BG039,2,1,0.53
BG039,3,1,0.51
BG039,4,1,0.7
BG039,5,1,0.85
BG039,10,1,0.88
BG039,11,1,0.58
BG039,12,1,0.49
BG040,1,1,0.85
BG040,2,1,0.87
BG040,3,1,0.74
BG040,4,1,0.85
BG040,5,1,0.86
BG040,10,1,0.86
BG040,11,1,0.75
BG040,12,1,0.7
BG041,1,1,0.85
BG041,10,1,0.98
BG041,11,1,0.72
BG041,12,1,0.84
BG042,1,1,0.98
BG042,2,1,0.4
BG042,3,1,0.76
BG042,4,1,0.93
BG042,5,1,0.82
BG042,10,1,0.85
BG042,11,1,0.59
BG042,12,1,0.89
BG043,1,0,0.23
BG043,2,0,0.34
BG043,3,0,0.41
BG043,4,0,0.34
BG043,5,0,0.57
BG043,10,0,0.92
BG043,11,0,0.86
BG043,12,0,0.47
BG045,1,1,0.76
BG045,2,1,0.78
BG045,3,1,0.75
BG045,4,1,0.89
BG045,5,1,0.95
BG045,10,1,0.97
BG045,11,1,0.73
BG045,12,1,0.66
BG046,1,1,0.51
BG046,2,1,0.39
BG046,3,1,0.43
BG046,4,1,0.66
BG046,5,1,0.89
BG046,10,1,0.85
BG046,11,1,0.86
BG046,12,1,0.44
BG047,1,1,1
BG047,2,1,0.21
BG047,3,1,0.2
BG047,10,1,0.95
BG047,11,1,0.73
BG047,12,1,0.93
BG049,1,1,0.08
BG049,2,1,0.32
BG049,10,1,0.58
BG049,11,1,0.96
BG049,12,1,0.3
BG050,1,0,0.45
BG050,2,0,0.77
BG050,3,0,0.59
BG050,4,0,0.77
BG050,5,0,0.94
BG050,10,0,0.75
BG050,11,0,0.78
BG050,12,0,0.69
BG051,1,0,0.56
BG051,2,0,0.41
BG051,3,0,0.52
BG051,4,0,0.78
BG051,5,0,0.93
BG051,10,0,0.83
BG051,11,0,0.72
BG051,12,0,0.64
BG053,1,1,0.47
BG053,2,1,0.49
BG053,3,1,0.47
BG053,4,1,0.59
BG053,5,1,0.9
BG053,10,1,0.91
BG053,11,1,0.87
BG053,12,1,0.53
BG054,1,0,0.25
BG054,2,0,0.31
BG054,3,0,0.42
BG054,4,0,0.58
BG054,5,0,0.73
BG054,10,0,0.93
BG054,11,0,0.87
BG054,12,0,0.44
BG055,1,1,0.65
BG055,2,1,0.65
BG055,3,1,0.71
BG055,4,1,0.83
BG055,5,1,0.95
BG055,10,1,0.96
BG055,11,1,0.85
BG055,12,1,0.73
BG056,1,0,0.52
BG056,2,0,0.75
BG056,3,0,0.82
BG056,4,0,0.67
BG056,5,0,0.84
BG056,10,0,0.96
BG056,11,0,0.99
BG056,12,0,0.62
BG057,1,1,0.94
BG057,2,1,0.9
BG057,3,1,1
BG057,10,1,0.91
BG057,11,1,0.85
BG057,12,1,0.99
BG058,1,0,0.72
BG058,2,0,0.78
BG058,3,0,0.65
BG058,4,0,0.66
BG058,5,0,0.76
BG058,10,0,0.48
BG058,11,0,0.57
BG058,12,0,0.62
BG059,1,0,0.82
BG059,2,0,0.63
BG059,3,0,0.98
BG059,4,0,0.99
BG059,5,0,0.99
BG059,10,0,0.92
BG059,11,0,0.76
BG059,12,0,0.71
BG060,1,0,0.69
BG060,2,0,0.51
BG060,3,0,0.49
BG060,4,0,0.85
BG060,5,0,0.99
BG060,10,0,0.98
BG060,11,0,0.95
BG060,12,0,0.68
BG061,1,1,0.48
BG061,2,1,0.58
BG061,3,1,0.78
BG061,4,1,0.71
BG061,5,1,0.97
BG061,10,1,0.89
BG061,11,1,0.93
BG061,12,1,0.68
BG062,1,1,0.82
BG062,2,1,0.82
BG062,3,1,0.78
BG062,4,1,0.92
BG062,5,1,0.99
BG062,10,1,0.9
BG062,11,1,0.98
BG062,12,1,0.94
BG063,1,0,0.69
BG063,2,0,0.55
BG063,3,0,0.75
BG063,4,0,0.84
BG063,5,0,0.9
BG063,10,0,0.93
BG063,11,0,0.96
BG063,12,0,0.85
BG064,1,0,0.78
BG064,2,0,0.32
BG064,3,0,1
BG064,4,0,1
BG064,10,0,0.75
BG064,11,0,0.88
BG064,12,0,1
BG065,1,0,0.51
BG065,2,0,0.87
BG065,3,0,0.71
BG065,10,0,0.89
BG065,11,0,0.99
BG065,12,0,0.59
BG066,1,0,0.34
BG066,2,0,0.57
BG066,3,0,0.44
BG066,10,0,0.48
BG066,11,0,0.7
BG066,12,0,0.53
BG067,1,0,0.46
BG067,2,0,0.72
BG067,3,0,0.66
BG067,10,0,0.88
BG067,11,0,0.89
BG067,12,0,0.42
BG069,1,1,0.64
BG069,2,1,0.83
BG069,3,1,0.72
BG069,4,1,1
BG069,10,1,1
BG069,11,1,0.92
BG069,12,1,0.68
BG071,1,0,0.77
BG071,2,0,0.51
BG071,3,0,0.46
BG071,4,0,0.69
BG071,5,0,0.69
BG071,10,0,1
BG071,11,0,0.97
BG071,12,0,0.63
BG072,1,0,0.21
BG072,2,0,0.17
BG072,3,0,0.22
BG072,4,0,0.57
BG072,5,0,0.99
BG072,10,0,0.94
BG072,11,0,0.76
BG072,12,0,0.26
BG073,1,0,0.52
BG073,2,0,0.75
BG073,3,0,0.47
BG073,4,0,0.86
BG073,5,0,0.96
BG073,10,0,0.95
BG073,11,0,0.8
BG073,12,0,0.48
BG074,1,0,0.29
BG074,2,0,0.24
BG074,3,0,0.4
BG074,4,0,0.5
BG074,5,0,0.8
BG074,10,0,0.68
BG074,11,0,0.6
BG074,12,0,0.43
BG075,1,0,0.32
BG075,2,0,0.26
BG075,3,0,0.7
BG075,4,0,0.8
BG075,5,0,0.84
BG075,10,0,0.98
BG075,11,0,0.78
BG075,12,0,0.41
BG076,1,1,1
BG076,2,1,0.9
BG076,3,1,0.91
BG076,4,1,0.99
BG076,5,1,1
BG076,10,1,0.96
BG076,11,1,0.95
BG076,12,1,0.98
BG077,1,0,0.44
BG077,2,0,0.34
BG077,3,0,0.27
BG077,4,0,0.3
BG077,5,0,0.52
BG077,10,0,0.93
BG077,11,0,0.77
BG077,12,0,0.47
BG078,1,0,0.79
BG078,2,0,0.44
BG078,3,0,0.3
BG078,4,0,0.46
BG078,5,0,0.99
BG078,10,0,0.98
BG078,11,0,0.67
BG078,12,0,0.69
BG079,1,1,0.42
BG079,2,1,0.64
BG079,3,1,0.86
BG079,4,1,0.83
BG079,5,1,0.96
BG079,10,1,0.87
BG079,11,1,0.49
BG079,12,1,0.71
BG080,1,0,0.78
BG080,2,0,0.56
BG080,3,0,0.78
BG080,4,0,0.94
BG080,5,0,0.97
BG080,10,0,0.93
BG080,11,0,0.83
BG080,12,0,0.78
BG081,1,1,0.48
BG081,2,1,0.53
BG081,3,1,0.4
BG081,4,1,0.21
BG081,10,1,0.95
BG081,11,1,0.88
BG081,12,1,0.73
BG082,1,0,0.62
BG082,2,0,0.6
BG082,3,0,0.77
BG082,4,0,0.63
BG082,5,0,0.89
BG082,10,0,0.9
BG082,11,0,0.73
BG082,12,0,0.69
BG083,1,0,0.51
BG083,2,0,0.31
BG083,3,0,0.31
BG083,4,0,0.53
BG083,5,0,0.92
BG083,10,0,0.83
BG083,11,0,0.66
BG083,12,0,0.31
BG084,1,1,0.18
BG084,2,1,0.12
BG084,3,1,0.43
BG084,4,1,0.46
BG084,5,1,0.88
BG084,10,1,0.68
BG084,11,1,0.36
BG084,12,1,0.29
BG085,1,0,0.43
BG085,2,0,0.04
BG085,3,0,0.63
BG085,4,0,0.82
BG085,5,0,0.88
BG085,10,0,0.88
BG085,11,0,0.9
BG085,12,0,0.62
BG086,1,0,0.59
BG086,2,0,0.42
BG086,3,0,0.63
BG086,4,0,0.16
BG086,5,0,0.67
BG086,10,0,0.88
BG086,11,0,0.39
BG086,12,0,0.5
BG088,1,0,0
BG088,2,0,0.04
BG088,3,0,0.02
BG088,4,0,0.38
BG088,5,0,0.42
BG088,10,0,0.94
BG088,11,0,0.78
BG088,12,0,0.41
CG011,1,0,0
CG011,2,0,0
CG011,3,0,0
CG011,4,0,0
CG011,5,0,0
CG011,10,0,0.38
CG011,11,0,0.02
CG011,12,0,0
CG012,1,0,0.09
CG012,2,0,0.06
CG012,3,0,0.41
CG012,4,0,0.45
CG012,5,0,0.77
CG012,10,0,0.52
CG012,11,0,0.25
CG012,12,0,0.31
CG013,1,0,0.05
CG013,2,0,0
CG013,3,0,0
CG013,4,0,0
CG013,5,0,0
CG013,10,0,0.03
CG013,11,0,0.03
CG013,12,0,0.02
