Location,Watershed,Latitude,Longitude,Year,Ntotal,Nanalyzed,Na,Ho,uHe,Pa,%P,HWE,LD,Ne,DC,STRUCTURE,DAPC
Elk Creek,Pee Dee,36.1995,-81.5754,2008,20,19,4.17,0.6,0.55,1,91.70%,0,0.018,8.9,0.704,0.807,0.842
Horse Cove Branch,Pee Dee,36.4365,-81.0744,2004,18,18,2.83,0.4,0.36,0,91.70%,0.091,0.018,2.11,0.829,0.956,1
Joes Fork,Pee Dee,36.1049,-81.5426,2004,20,20,3.33,0.46,0.47,0,83.30%,0,0.022,3.3,0.77,0.867,0.95
Laurel Creek,Pee Dee,36.1776,-81.5367,2007,20,20,2.58,0.36,0.37,0,75.00%,0.111,0,7.6,0.845,0.9,1
Little Fork,Pee Dee,36.2655,-81.4159,2008,20,19,2.42,0.41,0.36,0,91.70%,0,0,16.1,0.717,0.962,1
Long Creek,Pee Dee,36.4498,-80.944,2004,10,10,2,0.34,0.33,0,66.70%,0,0.036,11.8,0.876,0.953,1
North Prong Lewis Fork,Pee Dee,36.2645,-81.3985,2004,19,18,3.75,0.47,0.47,0,91.70%,0.182,0,69.6,0.757,0.902,1
Ooten Creek,Pee Dee,36.0942,-81.6082,2004,20,20,3.67,0.46,0.52,0,91.70%,0.091,0,74.1,0.831,0.982,1
Pumkin Run,Pee Dee,36.2143,-81.3906,2004,14,10,1.42,0.13,0.15,0,41.70%,0,0,18.1,0.955,0.985,1
Rockhouse Creek,Pee Dee,36.1298,-81.5893,2004,20,20,2.42,0.45,0.4,0,83.30%,0,0,9,0.84,0.933,1
South Fork Laurel Creek,Pee Dee,36.1674,-81.5537,2006,20,20,3.17,0.36,0.36,1,83.30%,0,0,63.7,0.883,0.974,1
UT Harris Creek,Pee Dee,36.3966,-81.1152,2006,20,13,1.67,0.23,0.23,0,58.30%,0,0,1.4,1.009,0.99,1
South Fork Reddies River,Pee Dee,36.2854,-81.3418,2008,13,12,3,0.42,0.51,0,91.70%,0,0,5.3,0.715,0.859,0.833
UT Laurel Creek,Pee Dee,36.1678,-81.5278,2008,12,12,2.75,0.45,0.43,0,83.30%,0,0,14.4,0.874,0.969,1
Clear Creek,Pee Dee,36.2981,-81.3384,2005,6,6,2.33,0.42,0.45,0,91.70%,0,0,1.2,0.892,0.962,1
Stewart Fork,Pee Dee,36.4485,-80.9618,NA,20,20,3.17,0.44,0.49,0,91.70%,0.091,0.018,3,0.769,0.876,1
UT Yadkin River (@ Caldwell/Watauga Co. line @ SR 1500),Pee Dee,36.1152,-81.6362,NA,20,20,3.67,0.55,0.54,0,91.70%,0,0,26.1,0.879,0.98,1
Martin Branch,Pee Dee,36.1247,-81.6368,2013,26,26,3.25,0.39,0.38,0,91.70%,0.182,0,35.1,0.906,0.955,1
Yadkin River,Pee Dee,36.1181,-81.6303,2013,25,25,3.92,0.51,0.51,0,91.70%,0,0.018,21.7,0.846,0.975,1
Stanley Branch,Pee Dee,36.3424,-81.3488,2013,12,11,3.5,0.67,0.58,0,91.70%,0,0,9,0.707,0.767,0.818
UT Mitchell River (@ Surry/Alleghany Co. line),Pee Dee,36.4397,-80.9657,2004,20,20,2.58,0.42,0.38,1,83.30%,0,0,16.8,0.925,0.988,1
UT Garden Creek,Pee Dee,36.4199,-81.1152,2004,20,9,1.42,0.12,0.12,0,33.30%,0,0,3.2,0.979,0.98,1
Spanish Oak Branch,Pee Dee,36.1236,-81.595,2004,20,20,2.75,0.52,0.47,0,83.30%,0.1,0,4.2,0.818,0.975,1
Bear Creek (UT Mitchell R. on Devotion Estate),Pee Dee,36.4317,-80.9529,2004,20,20,2.33,0.49,0.4,0,91.70%,0.091,0.018,2.8,0.883,0.939,1
Butler Creek,Pee Dee,36.4632,-80.9113,2004,15,14,2.33,0.36,0.32,0,75.00%,0,0.028,2.3,0.93,0.988,1
Dugger Creek,Pee Dee,36.1501,-81.5395,2006,20,9,1.5,0.11,0.11,0,33.30%,0,0,3.1,0.944,0.988,1
Harris Creek,Pee Dee,36.3989,-81.1229,2006,20,17,1.83,0.17,0.2,0,58.30%,0,0,3.2,0.921,0.989,1
Little Grassy Creek,Santee,36.1115,-81.8441,2010,7,7,2.75,0.46,0.47,0,75.00%,0,0,80.2,0.863,0.9,1
Bucks Timber Creek,Santee,36.0752,-81.7863,2004,20,7,1.42,0.07,0.13,0,33.30%,0,0,2.6,0.942,0.93,1
Bunt Creek,Santee,36.0412,-81.8791,2007,8,8,3,0.53,0.46,0,83.30%,0,0,0,0.874,0.759,1
Harper Creek,Santee,35.9847,-81.8567,2008,20,20,2.75,0.48,0.4,0,91.70%,0,0.018,5,0.731,0.617,0.935
Left Fork Mulberry Creek,Santee,36.0941,-81.6458,2004,20,20,3.83,0.48,0.54,0,91.70%,0,0.036,6.7,0.782,0.878,0.882
Little Wilson Creek,Santee,36.0909,-81.7942,2001,20,2,1.08,0.04,0.04,0,8.30%,0,NA,0,0.953,0.98,1
Mulberry Creek,Santee,36.067,-81.6306,2004,20,20,3.67,0.43,0.42,0,91.70%,0,0,8.4,0.883,0.977,1
North Harper Creek,Santee,36.0086,-81.8532,2004,13,13,4.08,0.61,0.57,0,91.70%,0,0,9.8,0.684,0.756,0.769
Upper Creek,Santee,35.9597,-81.8882,2008,20,20,4.58,0.6,0.61,0,91.70%,0,0,49.1,0.536,0.593,0.771
UT Anthony Creek (@ Headwaters Club),Santee,36.0896,-81.7738,2001,20,20,3,0.43,0.41,0,91.70%,0,0.018,5.6,0.855,0.951,1
UT Steels Creek (@ USFS Rd. 496),Santee,35.9413,-81.8631,2004,20,19,4,0.61,0.56,1,91.70%,0,0,14.4,0.564,0.427,0.631
Henry Fork,Santee,35.5962,-81.7061,2004,20,20,2.75,0.47,0.46,0,91.70%,0,0,30,0.191,0.021,0
Wilson Creek,Santee,36.0894,-81.8023,2001,20,20,2.08,0.34,0.33,0,75.00%,0,0.056,2.3,0.924,0.966,1
South Prong Green River,Santee,35.1549,-82.5798,2004,12,12,1.5,0.19,0.16,0,41.70%,0,0,10.6,0.908,0.979,1
Uncles Creek (above falls),Santee,35.1839,-82.5314,2004,20,19,2,0.31,0.27,0,75.00%,0,0,27.5,0.448,0.032,0
UT Honeycutt Creek,Santee,35.8939,-81.976,2012,36,27,1.67,0.22,0.21,0,50.00%,0,0,9.8,0.963,0.979,1
Bee Rock Creek,Santee,35.7929,-82.1316,2013,9,8,1.25,0.04,0.09,0,25.00%,0,0,0,0.949,0.989,1
Hulls Branch,Santee,35.9864,-81.8425,2008,14,14,2.17,0.42,0.38,0,83.30%,0,0,3.3,0.802,0.876,1
UT Linville River,Santee,35.9574,-81.9253,2007,20,19,1.83,0.23,0.22,0,58.30%,0,0,45,0.816,0.894,0.999
Bee Rock Creek,Santee,35.7931,-82.1412,2004,20,9,1.33,0.15,0.15,0,33.30%,0,0,0,0.939,0.988,1
Mills Creek (incl. trib.),Santee,36.0698,-81.6629,2004,13,13,2.58,0.4,0.41,0,83.30%,0.1,0.044,1.1,0.824,0.972,1
UT Webb Creek,Santee,36.0443,-81.8223,2004,11,9,1.42,0.13,0.14,0,33.30%,0,0,1.5,0.911,0.98,1
Bad Fork,Santee,35.7916,-82.1102,2004,3,3,1.58,0.19,0.19,0,50.00%,0,0,0,0.524,0.183,0
Buck Creek,Santee,35.907,-81.8609,2004,20,20,2.33,0.32,0.36,0,91.70%,0.091,0,46,0.466,0.042,0
Big Creek,Savannah,35.0416,-83.1568,2009,14,13,4.42,0.71,0.67,0,100.00%,0,0,19.1,0.394,0.097,0.077
UT Whitewater River (@ Heady Mtn. Gap),Savannah,35.0458,-83.0576,2004,20,20,5.17,0.59,0.61,0,91.70%,0,0,42.8,0.448,0.398,0.135
West Fork Overflow Creek,Savannah,35.0179,-83.2746,2002,16,15,3.67,0.59,0.58,0,91.70%,0,0,6.1,0.344,0.083,0
Silver Run Creek,Savannah,35.0855,-83.0527,2009,16,16,6.33,0.71,0.73,0,100.00%,0.083,0,145.3,0.35,0.199,0
UT Cashiers Lake,Savannah,35.1166,-83.1102,2009,4,4,1.58,0.21,0.23,0,58.30%,0,0,1.2,0.488,0.028,0
East Fork Overflow Creek (above and below Glenn Falls),Savannah,35.0259,-83.2391,2002,20,20,4.08,0.56,0.56,0,100.00%,0,0,23.8,0.437,0.262,0.15
Glade Creek,Savannah,35.0113,-83.1218,2003,20,20,3.67,0.41,0.42,0,91.70%,0,0,66.5,0.626,0.591,0.893
Indian Creek,Savannah,35.1621,-82.9285,2004,16,16,4.42,0.55,0.55,0,91.70%,0,0,25.8,0.357,0.147,0
Jacks Creek,Savannah,35.0192,-83.0458,2004,18,14,1.5,0.16,0.15,0,33.30%,0,0,0,0.801,0.973,1
UT Thompson River (@NC 281 above Reid Creek),Savannah,35.08,-82.9971,2004,20,20,3.25,0.55,0.51,0,91.70%,0.091,0.018,9,0.504,0.307,0.214
UT W. Fork Overflow Creek (above Abes Creek),Savannah,35.0163,-83.2665,2004,11,9,3.08,0.62,0.52,0,91.70%,0.091,0,1.6,0.458,0.1,0
Ball Creek,NA,NA,NA,2008,26,12,1.5,0.13,0.11,0,41.70%,0,0,0,0.743,0.452,1
UT Tessentee Creek,Tennessee,35.0511,-83.3085,2009,20,14,1.58,0.24,0.23,0,58.30%,0,0,1.8,0.776,0.511,1
Tipton Creek (incl. trib.),Tennessee,35.2377,-84.058,2001,20,20,2.92,0.41,0.4,0,91.70%,0,0,0,0.781,0.789,1
Bennies Branch,Tennessee,35.0634,-83.2739,2003,20,20,3.83,0.57,0.51,1,91.70%,0.091,0.018,11.7,0.489,0.28,0.142
Big Creek,Tennessee,35.0897,-83.19,2004,20,20,4.42,0.57,0.56,0,100.00%,0.083,0,0,0.427,0.21,0.282
Brush Creek,Tennessee,35.1017,-83.243,2003,20,20,3.92,0.5,0.59,0,91.70%,0,0,19,0.447,0.255,0.096
Bryson Branch,Tennessee,35.2257,-83.2385,1998,20,12,1.33,0.1,0.12,0,33.30%,0,0,0,0.8,0.348,0.738
Crow Creek,Tennessee,35.1038,-83.2903,2003,20,20,3.33,0.59,0.54,0,91.70%,0,0.018,22.9,0.345,0.11,0
Falls Branch (trib. of Alarka Creek),Tennessee,35.3366,-83.3942,2004,13,12,2.67,0.28,0.27,0,75.00%,0,0,1.6,0.707,0.648,0.917
Flat Creek (above falls),Tennessee,35.2204,-83.0328,NA,33,25,5.75,0.54,0.64,0,100.00%,0.333,0.076,2.5,0.589,0.614,0.334
Pinhook Creek (below falls),Tennessee,35.2568,-82.9362,NA,19,19,2.33,0.39,0.39,0,83.30%,0,0.022,5.7,0.831,0.978,0.989
Bettys Branch,Tennessee,35.29,-83.2935,2012,35,20,1.58,0.19,0.16,0,50.00%,0,0,15.2,0.868,0.978,1
Bracken Creek,Tennessee,35.197,-82.9848,2009,20,19,4.33,0.56,0.58,0,100.00%,0,0,11.4,0.525,0.284,0.106
Tatham Creek,Tennessee,35.2821,-83.2651,2012,20,20,2.17,0.3,0.28,0,75.00%,0,0,21.8,0.775,0.925,0.999
Shell Branch,Tennessee,35.2488,-83.2677,2012,30,30,2.5,0.33,0.3,0,91.70%,0,0,15.8,0.795,0.939,1
Huckleberry Creek,Tennessee,35.3021,-83.3724,2012,39,39,2,0.26,0.25,0,66.70%,0,0,33.2,0.845,0.81,1
Beasley Creek,Tennessee,35.3025,-83.3417,2012,36,33,1.83,0.2,0.2,0,58.30%,0,0,43.6,0.789,0.663,1
Charley Creek,Tennessee,35.2826,-82.9854,2010,20,20,4.75,0.53,0.51,0,100.00%,0,0,59.2,0.635,0.764,0.912
Cold Creek,Tennessee,35.2201,-82.9581,2009,20,19,5,0.57,0.63,0,91.70%,0.091,0,31,0.426,0.428,0.263
Gem Creek,Tennessee,35.2029,-83.1893,2008,20,19,3.58,0.48,0.5,1,91.70%,0,0.018,35.2,0.594,0.592,0.87
Jeff Creek,Tennessee,35.2789,-83.025,2009,20,19,1.75,0.26,0.24,0,58.30%,0,0,1.9,0.87,0.987,1
Little Pine Creek,Tennessee,35.2016,-83.2125,2008,20,19,4.75,0.66,0.66,0,100.00%,0,0,12.9,0.349,0.369,0.156
Mill Creek,Tennessee,35.2565,-83.1337,2008,20,20,3.58,0.51,0.55,1,100.00%,0.083,0.015,13.7,0.706,0.793,1
Mill Creek,Tennessee,35.1678,-83.1852,2009,20,20,4.08,0.57,0.57,1,91.70%,0.273,0,22,0.377,0.411,0.252
Sols Creek,Tennessee,35.2767,-83.0144,2009,20,19,4.75,0.61,0.61,0,100.00%,0,0,15.2,0.525,0.531,0.482
Soco Creek,Tennessee,35.4869,-83.1863,2009,42,41,2.33,0.35,0.35,0,66.70%,0,0,25.3,0.839,0.94,1
Taylor Creek,Tennessee,35.1772,-83.2034,2009,10,9,3.25,0.51,0.5,0,91.70%,0,0,6,0.673,0.82,1
Trout Creek,Tennessee,35.2097,-83.1164,2009,20,16,4.75,0.63,0.68,0,100.00%,0,0,4,0.392,0.116,0
UT Otter Creek,Tennessee,35.2552,-83.5906,2009,20,16,1.5,0.16,0.15,1,41.70%,0,0,36.2,0.817,0.713,1
Sassafras Creek (incl. trib.),Tennessee,35.2545,-83.9668,2004,20,19,2.08,0.17,0.21,0,58.30%,0.286,0,44,0.891,0.983,1
Yellow Patch Branch,Tennessee,35.0235,-83.4874,2004,20,20,4.5,0.51,0.51,1,91.70%,0,0,237,0.605,0.732,0.797
Bear Creek,Tennessee,35.2455,-83.8856,2004,20,20,2,0.25,0.26,0,66.70%,0,0,22.3,0.804,0.926,1
Wright Creek,Tennessee,35.326,-83.964,2004,20,17,1.67,0.14,0.18,0,41.70%,0,0,24.1,0.805,0.863,0.94
Madcap Branch,Tennessee,35.5288,-83.1922,2009,40,38,2.25,0.35,0.34,3,83.30%,0.1,0,50,0.835,0.979,1
Jenkin's Creek,Tennessee,35.4902,-83.2151,2009,39,39,4.17,0.54,0.54,0,91.70%,0,0,40.9,0.699,0.897,1
Rough Branch,Tennessee,35.4995,-83.1746,2009,24,24,3.75,0.46,0.53,0,91.70%,0.455,0.036,10.8,0.655,0.767,0.75
Big Witch Creek,Tennessee,35.5203,-83.2242,2009,40,39,3.58,0.45,0.44,0,91.70%,0,0,22.6,0.732,0.86,0.949
Mull Creek,Tennessee,35.3658,-83.0204,2010,8,8,2,0.38,0.33,0,66.70%,0,0,34.5,0.742,0.914,1
Tellico River,Tennessee,35.2622,-84.0449,2010,40,39,3.08,0.25,0.25,0,75.00%,0,0,97.5,0.849,0.975,1
Round Mountain Branch,Tennessee,35.2517,-84.0299,2010,34,34,2.42,0.25,0.26,0,75.00%,0,0,0,0.857,0.971,1
Snowbird Creek,Tennessee,35.2776,-83.9989,2010,31,31,3.33,0.37,0.37,0,91.70%,0,0,96.8,0.741,0.915,1
Sassafras Creek,Tennessee,35.2547,-83.9597,2010,18,16,1.83,0.26,0.23,0,41.70%,0,0,32.5,0.9,0.981,1
Fall Branch,Tennessee,35.2517,-83.9741,2010,15,15,1.83,0.17,0.19,0,41.70%,0,0,0,0.888,0.983,1
Dark Ridge Creek,Tennessee,35.385,-83.0798,2011,28,28,4,0.47,0.47,0,91.70%,0,0,57.9,0.626,0.832,0.929
Slickrock Creek,Tennessee,35.398,-83.9932,2005,19,18,2.17,0.31,0.28,0,75.00%,0,0.028,14.2,0.777,0.743,0.728
Henson Creek,Tennessee,35.0511,-83.4434,NA,20,19,2.75,0.36,0.37,0,83.30%,0,0.022,10.3,0.588,0.483,0.764
Little Laurel Creek (trib. of Alarka Cr.),Tennessee,35.3366,-83.4062,NA,20,13,1.58,0.21,0.19,0,50.00%,0,0,0.8,0.862,0.719,1
Bob Branch,Tennessee,35.3523,-84.0126,2010,7,7,1.75,0.25,0.21,0,50.00%,0,0,0,0.824,0.806,0.958
Long Branch,Tennessee,35.0813,-83.246,2003,20,20,4.08,0.57,0.59,0,100.00%,0.167,0,19.9,0.438,0.107,0.05
Peckerwood Creek,Tennessee,35.2703,-84.0475,2001,20,20,2.42,0.22,0.23,0,75.00%,0,0,19.6,0.843,0.92,1
Turtle Pond Creek,Tennessee,35.0512,-83.2554,2003,20,19,2.5,0.39,0.38,0,83.30%,0,0.022,14.4,0.619,0.192,0
UT to Coweeta Creek (near Reynolds Gap),Tennessee,35.0327,-83.4364,2004,20,6,1.33,0.08,0.08,0,25.00%,0,0,0.9,0.848,0.878,1
Wildcat Creek,Tennessee,35.2176,-83.2342,2004,20,20,2.75,0.48,0.48,0,91.70%,0,0,13.4,0.565,0.584,0.676
Factory Branch,Tennessee,35.1217,-83.607,2004,10,10,1.83,0.34,0.29,0,58.30%,0,0,72.1,0.892,0.98,1
Pierce Creek ( also listed as Piercy Creek),Tennessee,35.2491,-83.6692,2004,20,13,1.33,0.11,0.13,0,33.30%,0,0,2776.9,0.809,0.654,0.622
South Fork Sugarloaf Creek,Tennessee,35.382,-83.12,NA,20,20,1.83,0.29,0.29,0,58.30%,0,0,33,0.865,0.857,1
Sugarloaf Creek (below barrier),Tennessee,35.392,-83.133,2000,5,2,2.58,0.5,0.67,0,83.30%,0,NA,1.3,0.584,0.42,0.5
UT Sugarloaf Creek,Tennessee,35.388,-83.126,NA,19,19,1.92,0.3,0.32,1,66.70%,0,0,24.1,0.833,0.834,1
Cold Branch,Tennessee,35.3568,-84.0047,2010,3,3,1.83,0.28,0.35,0,58.30%,0,0,0,0.823,0.873,0.704
Cabin Creek (lower),Tennessee,35.402,-83.065,2000,2,2,1.58,0.21,0.24,0,33.30%,0,NA,0,0.874,0.97,1
Cabin Creek (upper),Tennessee,35.402,-83.061,2000,14,14,2,0.17,0.2,0,50.00%,0,0,3.3,0.811,0.975,1
Dark Ridge Creek,Tennessee,35.3928,-83.0835,2000,5,5,2.33,0.42,0.39,0,66.70%,0,0,72.7,0.795,0.96,1
Doubletop Creek,Tennessee,35.382,-83.085,2000,13,11,2.17,0.31,0.28,0,66.70%,0,0,1.3,0.787,0.979,1
East Prong Dark Ridge Creek,Tennessee,35.383,-83.042,2000,10,10,2.5,0.4,0.35,0,66.70%,0,0,0,0.812,0.972,1
Flint Spring Creek,Tennessee,35.373,-83.075,2000,17,17,3.08,0.37,0.39,0,91.70%,0.273,0,1.6,0.753,0.95,0.971
Queen Camp Creek,Tennessee,35.383,-83.066,2000,10,10,1.75,0.18,0.22,0,50.00%,0,0,8.5,0.814,0.983,1
West Prong Dark Ridge Creek,Tennessee,35.375,-83.051,2000,10,9,2.17,0.29,0.29,0,58.30%,0,0,3.2,0.862,0.977,1
Chastine Creek (incl. tribs.),Tennessee,35.3281,-83.0583,2001,20,20,2.08,0.29,0.25,0,66.70%,0,0,151.1,0.854,0.968,1
Craig Creek,Tennessee,35.347,-83.054,2001,20,19,2.17,0.29,0.28,0,58.30%,0,0.048,24.3,0.825,0.977,1
Ledford Branch,Tennessee,35.157,-83.2625,2009,20,14,1.33,0.11,0.14,0,33.30%,0,0,1.2,0.729,0.366,0
Frady Creek,Tennessee,35.336,-83.0564,2001,20,20,2,0.28,0.27,0,58.30%,0,0,0,0.849,0.966,1
East Fork Savannah Creek,Tennessee,35.277,-83.2337,2001,18,14,1.5,0.17,0.17,0,41.70%,0,0,13,0.8,0.964,1
Fisher Creek,Tennessee,35.4191,-83.1908,2007,20,20,2,0.24,0.25,0,66.70%,0,0,12.1,0.865,0.94,1
Greens Creek,Tennessee,35.3338,-83.3063,2002,19,12,3.33,0.22,0.4,0,100.00%,0.167,0,0.5,0.531,0.638,0.75
Hunter Jim Creek,Tennessee,35.22,-83.1506,2007,20,19,1.83,0.25,0.23,0,75.00%,0,0,18.7,0.883,0.974,1
Licklog Creek,Tennessee,35.3944,-83.1111,2000,6,6,1.58,0.17,0.26,0,50.00%,0,0,0.6,0.85,0.952,1
Little Trout Creek,Tennessee,35.2172,-83.1049,2007,20,20,3.42,0.43,0.41,0,91.70%,0,0,27.7,0.635,0.887,1
Neddie Creek,Tennessee,35.234,-83.0197,2001,20,20,2,0.26,0.24,0,66.70%,0,0,39,0.786,0.914,1
Tanassee Creek,Tennessee,35.2848,-82.9435,2001,20,15,1.33,0.14,0.14,0,33.30%,0,0,144.3,0.911,0.99,1
Wayehutta Creek,Tennessee,35.3483,-83.1326,2001,20,20,2.75,0.37,0.4,0,83.30%,0.2,0.022,3.9,0.763,0.948,1
Norton Prong,Tennessee,35.0981,-83.1888,2009,20,20,4.67,0.58,0.61,0,91.70%,0,0,23.1,0.302,0.105,0.049
Big Branch,Tennessee,35.2408,-83.5827,2004,20,10,1.58,0.13,0.13,2,50.00%,0,0,0.7,1.008,0.98,1
Mull Creek,Tennessee,35.3658,-83.0204,2004,20,20,2.92,0.33,0.31,0,91.70%,0,0.018,13,0.676,0.873,1
Whigg Branch,Tennessee,35.3289,-84.0163,2004,20,20,2.75,0.49,0.5,0,100.00%,0.167,0,6.8,0.481,0.276,0
Left Prong Ray Branch,Tennessee,35.195,-83.5433,2004,10,10,2.17,0.4,0.39,0,83.30%,0,0,10.4,0.516,0.375,0.5
Little Salt Rock Creek,Tennessee,35.2071,-83.2367,2003,17,15,3.75,0.63,0.55,0,91.70%,0.091,0.073,3.3,0.434,0.106,0
Right Prong Ray Branch,Tennessee,35.1969,-83.5473,2004,3,3,1.92,0.56,0.43,0,75.00%,0,0,0,0.513,0.24,0
Buck Creek,Tennessee,35.0392,-83.5741,2004,20,19,4.42,0.52,0.52,1,100.00%,0,0,57.6,0.737,0.777,0.904
East Fork Moses,Tennessee,35.35,-83.088,2001,20,20,2.42,0.3,0.33,0,83.30%,0.2,0,11.8,0.794,0.962,1
Moses Creek,Tennessee,35.3312,-83.1008,2001,20,20,2.33,0.32,0.3,0,66.70%,0.125,0,0,0.82,0.976,1
Moses Creek,Tennessee,35.338,-83.098,2001,20,20,2.58,0.31,0.32,0,83.30%,0,0,9.9,0.761,0.957,1
Upper Long Branch,Tennessee,35.3375,-83.3785,2008,20,17,3,0.25,0.27,2,75.00%,0,0,12,0.779,0.688,0.977
West Fork Moses,Tennessee,35.35,-83.095,2001,19,18,2.67,0.44,0.41,0,100.00%,0,0,37.7,0.729,0.881,1
Bearwallow Creek (including tribs.),Tennessee,35.3301,-83.0012,2001,20,19,5.08,0.64,0.67,0,100.00%,0,0.015,13.4,0.457,0.438,0.367
Birch Ridge Creek,Tennessee,35.332,-82.999,2002,20,20,4.17,0.56,0.56,0,91.70%,0,0.018,17.8,0.704,0.75,0.996
Cow Mountain Branch,Tennessee,35.179,-83.076,2001,20,20,5.33,0.66,0.65,0,100.00%,0,0,26.2,0.445,0.34,0.151
Mill Creek,Tennessee,35.186,-83.078,2001,20,20,5.33,0.65,0.68,0,100.00%,0,0.015,40.3,0.42,0.327,0.149
Packs Creek,Tennessee,35.176,-83.061,2001,20,19,4.33,0.66,0.62,0,91.70%,0,0,32.3,0.409,0.252,0.158
Shelton Creek,Tennessee,35.183,-83.082,2001,20,20,4.42,0.58,0.59,0,91.70%,0,0.018,17.4,0.457,0.232,0
Sols Creek,Tennessee,35.2644,-83.0185,2001,20,20,3.25,0.38,0.38,0,91.70%,0,0,46.7,0.75,0.938,1
Beechflat Creek,Tennessee,35.3524,-83.0155,2001,20,20,3.25,0.53,0.52,0,100.00%,0,0.045,1.9,0.399,0.067,0
Cashie Branch,Tennessee,35.3832,-83.113,NA,2,2,2.58,0.38,0.71,0,91.70%,0,NA,0,0.526,0.475,0.5
UT Buck Creek,Tennessee,35.1334,-83.2059,2010,20,20,2.17,0.26,0.27,0,66.70%,0.125,0,0,0.734,0.657,1
Dodgen Creek,Tennessee,35.2187,-83.2098,2003,20,19,4,0.57,0.57,0,100.00%,0,0.015,24.5,0.466,0.433,0.173
Flat Creek,Tennessee,35.2204,-83.0328,NA,20,20,4.08,0.45,0.49,0,91.70%,0.091,0,25.1,0.694,0.798,0.89
Gage Creek,Tennessee,35.2883,-82.9734,2002,20,19,5.08,0.65,0.64,0,100.00%,0,0.03,8.9,0.393,0.236,0.053
Piney Mountain Creek,Tennessee,35.3236,-82.9914,2001,20,19,4.83,0.67,0.66,0,91.70%,0.091,0,15.3,0.55,0.636,0.625
Pinhook Creek,Tennessee,35.2568,-82.9362,NA,20,20,3.17,0.38,0.44,0,91.70%,0.182,0.018,3.8,0.716,0.872,0.85
Shell Branch,Tennessee,35.2489,-83.2675,2001,20,19,2.17,0.29,0.26,0,66.70%,0,0,12.8,0.831,0.947,1
Shortoff Creek,Tennessee,35.1163,-83.1598,2002,17,15,4.17,0.68,0.62,0,100.00%,0,0,3.3,0.486,0.486,0.401
Slickens Creek,Tennessee,35.2007,-83.0039,2001,20,20,4.08,0.69,0.65,0,100.00%,0,0,36.9,0.441,0.104,0.049
Tatham Creek,Tennessee,35.2803,-83.263,2002,19,19,2.58,0.4,0.38,0,91.70%,0,0.018,6.4,0.677,0.813,0.842
Wolf Creek,Tennessee,35.2665,-82.9696,2002,15,15,4.92,0.63,0.61,0,91.70%,0,0,36.7,0.548,0.607,0.486
Ezra Fork,New,36.4268,-81.4539,2007,20,17,3.5,0.63,0.59,0,91.70%,0,0,12,0.754,0.844,0.981
Glade Creek,New,36.4494,-81.0835,2006,20,17,4.42,0.66,0.6,0,100.00%,0.167,0.015,1.8,0.821,0.901,0.978
Little Horse Creek,New,36.5569,-81.6234,2008,20,20,2.75,0.4,0.36,0,83.30%,0,0.022,32.5,0.91,0.982,1
Meat Camp Creek,New,36.3196,-81.692,2003,20,20,4.92,0.59,0.59,0,91.70%,0,0,23.4,0.753,0.963,1
Old Fields Creek,New,36.3666,-81.5344,2004,19,17,3.92,0.63,0.56,0,91.70%,0,0.036,2,0.865,0.975,1
Pine Orchard Creek,New,36.328,-81.6368,2003,20,19,4.75,0.5,0.49,0,100.00%,0,0.015,13,0.831,0.974,1
Reeves Branch,New,36.4215,-81.253,2008,20,20,6.08,0.62,0.66,0,100.00%,0,0,21.3,0.611,0.759,0.852
Roan Creek,New,36.3794,-81.3407,2004,8,8,2.25,0.67,0.47,0,91.70%,0,0,0,0.915,0.98,1
Trivett Branch,New,36.2559,-81.7003,2005,20,20,3.67,0.51,0.5,0,83.30%,0,0,46.7,0.858,0.969,1
UT Big Horse Creek (above Ripshin Branch at Va. state line),New,36.5833,-81.6301,2004,20,19,2.42,0.36,0.38,0,75.00%,0,0,87.9,0.925,0.984,1
UT Pine Swamp Creek,New,36.2923,-81.4483,2004,18,17,4.83,0.55,0.58,0,91.70%,0.091,0,17.9,0.737,0.9,1
UT Big Laurel Creek ( Above Beaverponds ),New,36.5258,-81.6705,2005,20,20,4,0.63,0.6,0,100.00%,0,0.015,13.8,0.631,0.669,0.624
UT Cranberry Creek,New,36.4276,-81.2858,2006,20,20,4.92,0.51,0.53,0,91.70%,0.182,0,7.7,0.771,0.938,1
UT Middle Fork New River (@ Tweetsie RR),New,36.1687,-81.6487,2007,20,19,4.58,0.58,0.54,0,91.70%,0,0.018,7.3,0.777,0.934,0.96
UT Old Fields Creek,New,36.3347,-81.5192,2008,20,20,5,0.61,0.6,0,91.70%,0.091,0,19.9,0.78,0.88,1
UT Pine Orchard Creek,New,36.3184,-81.6351,2003,20,18,5.5,0.65,0.61,0,91.70%,0,0,17.9,0.81,0.956,1
UT South Fork New River,New,36.3239,-81.4824,2008,20,19,4.42,0.51,0.53,0,91.70%,0,0,13.2,0.819,0.948,1
West Fork Pine Swamp Creek,New,36.2662,-81.4775,2004,20,20,5.17,0.58,0.59,1,91.70%,0,0,29.8,0.804,0.97,1
Wolfpen Creek,New,36.2838,-81.4704,2008,20,19,4.08,0.53,0.5,0,83.30%,0,0.022,11.5,0.835,0.978,1
Ben Bolen Creek,New,36.4013,-81.5886,2006,6,4,3.08,0.75,0.62,0,91.70%,0,0,0.9,0.634,0.608,1
Brown Branch,New,36.1556,-81.6501,2004,20,20,2.75,0.43,0.47,0,83.30%,0.1,0.044,4.3,0.694,0.716,0.818
UT Little Horse Creek (@ Horse Creek Church),New,36.553,-81.6091,2004,16,16,2.75,0.45,0.4,0,91.70%,0.091,0,4.7,0.836,0.918,1
Cheek Branch,New,36.4637,-81.1835,2005,13,13,5.08,0.64,0.63,0,91.70%,0,0,35.2,0.722,0.854,0.769
Claybank Creek,New,36.4409,-81.4917,2008,20,20,4.83,0.61,0.62,0,91.70%,0.091,0,26.6,0.676,0.877,0.95
Doe Fork,New,36.2422,-81.6868,2005,20,20,2.83,0.47,0.44,0,91.70%,0,0,14.9,0.899,0.982,1
East Fork Roaring Fork,New,36.5054,-81.6451,2004,20,20,5,0.67,0.69,0,100.00%,0.083,0.015,31.7,0.475,0.516,0.35
Ezra Fork,New,36.4267,-81.4539,2007,20,20,3.58,0.53,0.55,0,91.70%,0,0.018,22.5,0.789,0.875,1
Gap Creek,New,36.2409,-81.5382,2007,20,20,6.17,0.7,0.65,0,100.00%,0,0,32.3,0.763,0.919,1
Greer Branch,New,36.5093,-81.5791,2004,5,5,3.25,0.5,0.55,0,91.70%,0,0,1.7,0.61,0.626,0.4
Hoskins Fork,New,36.3716,-81.7125,2005,19,18,5.08,0.69,0.65,0,91.70%,0.091,0.091,8.1,0.593,0.628,0.444
Jerd Branch,New,36.5535,-81.5139,2005,20,20,4,0.54,0.55,0,100.00%,0,0,22.7,0.139,0.034,0
Jones Branch,New,36.2688,-81.7183,2005,20,20,4.83,0.54,0.56,0,91.70%,0,0,13.1,0.722,0.872,1
Winkler Creek (above old Impoundment),New,36.1727,-81.6926,2003,20,20,3,0.38,0.42,0,91.70%,0.091,0.018,9.4,0.933,0.989,1
Kilby Creek,New,36.5284,-81.6843,2005,20,20,4.17,0.49,0.51,0,100.00%,0.083,0,524.1,0.647,0.746,0.666
Little Glade Creek,New,36.4406,-81.0449,2007,5,5,4.58,0.75,0.74,0,91.70%,0,0,6.5,0.658,0.698,0.796
Meadow Fork,New,36.4244,-81.1975,2004,20,20,4.17,0.5,0.54,0,83.30%,0.2,0.022,5.7,0.672,0.852,1
Mine Branch,New,36.345,-81.6796,2008,10,9,3.92,0.72,0.67,0,91.70%,0,0,2.5,0.51,0.523,0.222
Norris Branch,New,36.2363,-81.6643,2005,20,20,3.67,0.6,0.61,0,100.00%,0.167,0,5.6,0.676,0.782,0.733
Norris Fork,New,36.2826,-81.683,2003,19,19,6.42,0.65,0.68,0,91.70%,0.091,0.018,16.4,0.621,0.864,0.842
Piney Branch,New,36.4501,-81.2768,2008,8,8,2.67,0.5,0.42,0,83.30%,0,0,1.2,0.883,0.893,1
Ripshin Branch,New,36.5733,-81.6105,2004,14,14,3.83,0.49,0.49,0,91.70%,0,0,60.3,0.874,0.985,1
Rittle Fork,New,36.3041,-81.6502,2003,20,20,4.67,0.58,0.55,0,91.70%,0,0,34.3,0.826,0.959,1
Roaring Branch,New,36.5054,-81.598,2008,20,20,3,0.59,0.48,0,91.70%,0.091,0,10.2,0.772,0.716,0.958
Winkler Creek (between old and new impoundments),New,36.1753,-81.69,2003,20,20,3.58,0.48,0.45,0,91.70%,0.727,0.036,0.9,0.886,0.954,0.95
Roaring Fork,New,36.5148,-81.6536,2004,20,20,4.42,0.65,0.61,0,100.00%,0,0,19.7,0.448,0.145,0.018
Rock Branch,New,36.4482,-81.039,2005,10,10,4.83,0.7,0.67,0,91.70%,0,0,9.2,0.668,0.677,0.9
Roundabout Creek,New,36.4556,-81.6974,2004,20,20,5.92,0.76,0.7,0,100.00%,0,0,51.1,0.336,0.343,0.107
Skin Camp Branch,New,36.375,-81.5997,2006,20,14,1.42,0.15,0.15,0,41.70%,0,0,0,0.897,0.986,1
Snyder Branch,New,36.3542,-81.6767,2004,20,16,5.75,0.69,0.67,0,91.70%,0,0,12.3,0.599,0.599,0.75
Sumter Cabin Creek,New,36.1564,-81.6631,2004,18,18,5.83,0.55,0.62,0,91.70%,0,0,0,0.648,0.836,0.945
UT Aho Branch,New,36.1462,-81.6471,2004,19,18,5.08,0.69,0.63,0,91.70%,0,0.018,7.6,0.648,0.743,0.944
UT Big Laurel Creek ( Below Flatwood ),New,36.5479,-81.6603,2005,20,20,3.33,0.43,0.47,0,100.00%,0.083,0.03,6.5,0.73,0.694,0.512
UT Big Laurel Creek ( Denny Hollow ),New,36.5547,-81.6694,2005,20,20,4.92,0.56,0.59,0,100.00%,0,0,44.1,0.531,0.624,0.55
UT Buffalo Creek (@ Buck Mtn.),New,36.3958,-81.5316,2004,20,20,5.58,0.66,0.64,0,100.00%,0,0,3,0.738,0.861,0.9
Bald Fork,New,36.3573,-81.6159,2006,20,18,1.75,0.19,0.2,0,41.70%,0.2,0.1,22.1,0.909,0.986,1
UT Howards Creek (@Sugarloaf Mtn.),New,36.2681,-81.7112,2004,9,9,3.83,0.55,0.55,0,91.70%,0,0,17.4,0.803,0.897,1
UT Little Phoenix Creek,New,36.4622,-81.4552,2004,18,18,3.42,0.55,0.51,0,100.00%,0,0.015,4.6,0.842,0.893,1
UT Meat Camp Creek (@ Green Cemetary),New,36.2916,-81.6739,2003,6,6,3.75,0.65,0.64,0,91.70%,0,0,2.4,0.824,0.85,0.999
UT Middle Fork New River (@substation),New,36.1392,-81.6672,2004,20,20,4.25,0.6,0.53,0,91.70%,0.273,0.018,2.5,0.738,0.842,0.999
UT North Fork New River,New,36.4803,-81.4766,2008,20,20,5.25,0.63,0.63,0,100.00%,0.083,0.015,15.5,0.549,0.606,0.488
UT North Fork New River (@ Creston),New,36.4268,-81.6134,2005,20,18,5.25,0.64,0.63,0,91.70%,0.091,0.018,10.5,0.596,0.629,0.833
UT South Fork New River,New,36.3329,-81.46,2008,20,18,5.58,0.65,0.66,0,91.70%,0.091,0,7.5,0.703,0.812,0.836
Waterfalls Creek,New,36.4366,-81.145,2004,14,11,5.33,0.58,0.68,0,100.00%,0,0,11.5,0.531,0.669,0.555
Wolf Branch,New,36.404,-81.2784,2008,19,19,5.75,0.59,0.64,0,91.70%,0.091,0,48.7,0.645,0.781,0.789
UT Meat Camp Creek,New,36.317,-81.7013,2012,22,20,4.83,0.61,0.58,0,91.70%,0.091,0,16.2,0.793,0.942,0.997
Big Laurel Creek,New,36.5627,-81.6666,2008,20,20,3.83,0.6,0.55,0,100.00%,0,0.015,13.8,0.614,0.614,0.791
UT New River,New,36.4554,-81.3373,2012,12,10,3.33,0.5,0.45,0,83.30%,0.1,0,7.1,0.814,0.838,1
Aho Branch,New,36.1541,-81.6276,2012,24,24,2.83,0.49,0.44,0,83.30%,0,0,16.6,0.928,0.988,1
Cranberry Creek,New,36.2638,-81.5339,2008,20,18,5.08,0.63,0.6,0,91.70%,0,0,12.8,0.853,0.948,1
East Fork Pine Swamp Creek,New,36.2838,-81.4352,2004,20,19,5.5,0.57,0.58,0,83.30%,0,0,59.9,0.803,0.97,1
Hyatt Cove Creek,Pigeon French Broad,35.4663,-83.0417,2009,42,42,2.83,0.43,0.43,0,91.70%,0,0.018,32.4,0.773,0.953,0.956
Old Bald Creek,Pigeon French Broad,35.4137,-83.0132,2009,20,20,4.08,0.43,0.4,0,75.00%,0,0,68.8,0.67,0.914,1
Right Prong South Toe River,Pigeon French Broad,35.7215,-82.2549,2004,20,20,5.67,0.62,0.69,0,100.00%,0,0,28.7,0.455,0.402,0.296
Roaring Fork,Pigeon French Broad,35.7608,-82.1926,2004,19,19,3.67,0.46,0.48,0,91.70%,0,0,4.4,0.67,0.8,0.947
Sandbank Creek,Pigeon French Broad,36.1016,-82.0403,2004,20,19,2.5,0.48,0.49,0,91.70%,0,0,2.1,0.432,0.345,0.263
Shingle Pile Creek,Pigeon French Broad,35.821,-82.1819,2007,10,10,4.42,0.65,0.64,0,100.00%,0,0,136.1,0.54,0.546,0.571
Spring Creek,Pigeon French Broad,36.1361,-82.222,2004,20,20,4.08,0.6,0.6,0,100.00%,0,0,13.3,0.388,0.427,0.469
Stagger Weed Creek,Pigeon French Broad,36.0049,-82.0797,2004,20,20,3.58,0.55,0.53,0,91.70%,0.182,0,9.8,0.573,0.386,0.234
UT Little White Oak Creek,Pigeon French Broad,35.8172,-82.1784,2007,20,19,4.5,0.57,0.59,0,91.70%,0,0,8.9,0.536,0.549,0.49
Gaddis Branch,Pigeon French Broad,35.512,-83.0312,2003,20,20,2.92,0.37,0.37,0,75.00%,0,0,18.5,0.667,0.826,0.9
Hemphill Branch,Pigeon French Broad,35.5658,-83.0816,2008,20,20,4.08,0.48,0.49,0,100.00%,0,0.015,10,0.66,0.902,0.95
Medford Branch,Pigeon French Broad,35.4395,-82.9914,2003,20,19,3.42,0.41,0.44,0,91.70%,0,0,28.8,0.686,0.745,1
Shiny Creek,Tennessee,35.4082,-83.9946,2009,20,20,2.92,0.33,0.37,0,75.00%,0,0,20.7,0.79,0.978,1
Old Bald Creek,Pigeon French Broad,35.4113,-83.0169,2003,20,20,4.17,0.45,0.44,1,75.00%,0.111,0,156.2,0.715,0.913,1
Sam Branch,Pigeon French Broad,35.3353,-82.8896,2004,15,15,1.92,0.32,0.34,0,58.30%,0,0,35.5,0.363,0.02,0
Winchester Creek,Pigeon French Broad,35.4586,-83.0855,2004,20,16,1.58,0.18,0.18,0,50.00%,0,0,5.1,0.792,0.981,1
East Prong Hickey Fork,Pigeon French Broad,36.016,-82.6846,2005,20,19,2.58,0.44,0.45,0,100.00%,0.083,0,117.7,0.507,0.422,0.364
Fletcher Creek,Pigeon French Broad,35.4315,-82.6826,2001,20,20,3.17,0.32,0.37,0,91.70%,0.091,0,10.2,0.771,0.832,1
Spencer Branch,Pigeon French Broad,35.4346,-82.684,2001,20,20,2.5,0.26,0.28,0,75.00%,0,0,3.2,0.847,0.887,0.986
Tom Creek (incl. UT),Pigeon French Broad,35.1669,-82.6354,2000,8,8,3.75,0.55,0.6,0,91.70%,0,0,0,0.482,0.241,0.125
UT Tom Creek,Pigeon French Broad,35.1669,-82.6354,2000,11,11,3.83,0.64,0.61,0,91.70%,0,0,0,0.5,0.126,0
Cherryfield Creek (above falls),Pigeon French Broad,35.1872,-82.8147,NA,15,15,2.25,0.42,0.4,0,91.70%,0,0,3,0.569,0.242,0.003
Fall Creek,Pigeon French Broad,36.1951,-81.9552,2007,20,16,2,0.19,0.2,0,75.00%,0.111,0,21.2,0.404,0.02,0
West Fork Campbell Creek,Pigeon French Broad,35.4915,-83.1186,2009,16,15,3.25,0.41,0.42,0,75.00%,0,0,46.2,0.746,0.959,1
Harrison Branch,Pigeon French Broad,36.1854,-81.7096,2007,19,19,3.92,0.49,0.49,0,83.30%,0.1,0,35.5,0.726,0.824,0.947
Laurel Creek,Pigeon French Broad,36.1944,-81.8304,2003,10,9,3.42,0.53,0.54,0,91.70%,0.091,0,11.6,0.495,0.327,0.333
Cherryfield Creek (below falls),Pigeon French Broad,35.184,-82.812,NA,6,6,1.83,0.18,0.27,0,66.70%,0,0,0.5,0.738,0.772,0.667
Laurel Fork,Pigeon French Broad,36.1967,-81.7077,2007,20,19,5.17,0.65,0.64,0,91.70%,0,0,37.5,0.615,0.721,0.895
UT Hoskins Fork,New,36.3593,-81.7193,2008,20,20,4.58,0.67,0.62,0,100.00%,0,0,13.3,0.488,0.541,0.628
Worley Creek,Pigeon French Broad,36.215,-81.8217,2003,20,20,2.5,0.47,0.45,0,83.30%,0,0,19.3,0.636,0.664,0.755
Diamond Creek (above falls),Pigeon French Broad,35.1531,-82.8544,NA,19,19,1.83,0.24,0.28,0,75.00%,0,0,0,0.705,0.695,0.631
Diamond Creek (below falls),Pigeon French Broad,35.148,-82.841,NA,19,19,3.25,0.57,0.5,0,91.70%,0,0,14.5,0.488,0.293,0.014
Miser Creek (above falls),Pigeon French Broad,35.1969,-82.9273,NA,4,4,2.08,0.52,0.45,0,83.30%,0,0,6.6,0.562,0.06,0
Miser Creek (below falls),Pigeon French Broad,35.1969,-82.9273,NA,3,3,2,0.56,0.46,0,83.30%,0,0,0,0.627,0.123,0
Bradley Creek,Pigeon French Broad,35.3826,-82.7196,2009,17,17,4,0.53,0.56,0,91.70%,0,0,35.1,0.598,0.467,0.458
Double Branch (below falls),Pigeon French Broad,35.212,-82.935,2000,6,6,2.5,0.64,0.51,0,83.30%,0,0,0,0.779,0.775,1
Big Bearpen Branch,Pigeon French Broad,35.3173,-82.7989,2001,20,19,2.92,0.54,0.49,0,91.70%,0,0,11.9,0.688,0.563,0.146
Bradley Creek,Pigeon French Broad,35.1264,-82.7255,2006,20,20,5,0.71,0.66,0,100.00%,0,0,37.3,0.385,0.219,0
Bullings Creek,Pigeon French Broad,35.2497,-82.5984,2007,5,4,3.83,0.56,0.7,0,91.70%,0,0,1.4,0.444,0.243,0.246
Cantrell Creek,Pigeon French Broad,35.3628,-82.7064,2001,10,10,2.67,0.51,0.48,0,91.70%,0,0,11.3,0.846,0.782,0.8
Cathys Creek (above falls),Pigeon French Broad,35.2453,-82.825,NA,19,19,5.17,0.67,0.65,0,100.00%,0,0,60.3,0.355,0.083,0.053
Cedar Rock Creek,Pigeon French Broad,35.2279,-82.809,NA,20,19,4.33,0.47,0.61,0,100.00%,0.083,0.015,2.2,0.353,0.336,0.316
Clawhammer Creek (and tribs.),Pigeon French Broad,35.3431,-82.7312,2001,3,3,1.75,0.33,0.3,0,58.30%,0,0,0,0.393,0.04,0
Hogsed Creek,Pigeon French Broad,35.1954,-82.7007,2008,20,20,2.75,0.41,0.42,0,100.00%,0,0.015,12.1,0.712,0.456,0.613
Kagle Branch,Pigeon French Broad,35.227,-82.8036,2000,20,19,3.33,0.43,0.48,0,91.70%,0.273,0.018,1.3,0.619,0.659,0.507
North Prong Turkey Creek,Pigeon French Broad,35.3011,-82.7014,2009,20,15,1.58,0.16,0.16,0,33.30%,0,0,2.4,0.934,0.98,1
Kuykendall Creek,Pigeon French Broad,35.2453,-82.7891,2000,19,19,2.83,0.47,0.48,0,100.00%,0,0.015,8.7,0.288,0.02,0
Log Hollow Branch,Pigeon French Broad,35.3212,-82.8026,2001,20,18,2.25,0.33,0.32,0,91.70%,0,0,6.1,0.398,0.063,0
Looking Glass Creek,Pigeon French Broad,35.324,-82.7897,2001,20,20,4.5,0.57,0.56,0,100.00%,0.083,0,10.4,0.455,0.25,0.059
Murr Creek,NA,NA,NA,2001,20,20,3.5,0.43,0.39,0,91.70%,0,0,15.3,0.634,0.664,0.308
Rockhouse Creek,Pigeon French Broad,35.3017,-82.8032,2001,20,20,2.42,0.39,0.4,1,83.30%,0,0,42.5,0.221,0.02,0
Rocky Fork,Pigeon French Broad,35.5622,-82.3555,2008,20,20,4.58,0.58,0.59,0,100.00%,0.083,0,44,0.301,0.056,0
Searcy Creek,Pigeon French Broad,35.2772,-82.8112,2001,18,18,3.5,0.34,0.33,0,91.70%,0.818,0,0.6,0.424,0.065,0.003
Steel Creek,Pigeon French Broad,35.1615,-82.6903,2004,11,11,2.83,0.5,0.46,0,91.70%,0,0,16.5,0.685,0.792,0.68
Sutton Creek,Pigeon French Broad,35.3216,-82.6885,2005,20,17,5,0.63,0.64,0,100.00%,0.083,0.03,4.4,0.409,0.156,0.247
Tarkiln Branch,Pigeon French Broad,35.2334,-82.8211,2001,20,20,4.67,0.55,0.59,0,100.00%,0,0.015,22.5,0.489,0.382,0.282
Reasonover Creek,Savannah,35.1565,-82.9576,2009,10,7,3.5,0.63,0.62,0,100.00%,0,0,2,0.375,0.18,0
Thompson Creek,Pigeon French Broad,35.3845,-82.7447,2001,4,4,3.5,0.67,0.64,0,91.70%,0,0,0,0.503,0.28,0.5
UT Bradley Creek (@ Pilot Cove),Pigeon French Broad,35.3849,-82.7164,2003,15,15,3.5,0.49,0.51,0,83.30%,0,0,14,0.663,0.523,0.6
UT Looking Glass Creek (@ Bennet Cove),Pigeon French Broad,35.3353,-82.8027,2001,20,20,4.17,0.61,0.58,0,100.00%,0.083,0.015,21.1,0.487,0.299,0.346
UT Rocky Fork,Pigeon French Broad,35.5654,-82.3565,2008,17,17,4.08,0.59,0.55,0,100.00%,0,0,75.2,0.305,0.046,0
UT to Looking Glass Creek (@ Bennet Cove),Pigeon French Broad,35.3359,-82.7991,2007,19,18,3.75,0.59,0.58,0,91.70%,0,0,16.3,0.498,0.253,0.209
UT to Looking Glass Creek (@ Cherry Cove),Pigeon French Broad,35.3387,-82.7923,2007,20,20,3.83,0.63,0.59,0,100.00%,0,0,34.7,0.507,0.252,0.147
Wildcat Branch,Pigeon French Broad,35.1483,-82.5941,2004,20,20,4.25,0.53,0.56,0,100.00%,0,0.03,13.2,0.495,0.414,0.157
Chestnut Creek,Pigeon French Broad,35.2792,-82.8875,NA,20,20,2.33,0.39,0.35,0,91.70%,0,0,15.1,0.672,0.387,0.099
Boone Fork,Pigeon French Broad,36.1187,-81.786,2014,86,1*,1.08,0,0,0,8.30%,0,NA,0,NA,NA,NA
Left Fork Beetree Creek,Pigeon French Broad,35.6554,-82.4132,2013,48,29,1.58,0.18,0.19,0,50.00%,0,0,2.2,0.899,0.986,1
UT Friezland Creek,Pigeon French Broad,35.7202,-82.8363,2009,20,19,2.17,0.34,0.32,0,66.70%,0,0,21.8,0.665,0.707,1
Flat Creek,Pigeon French Broad,35.6624,-82.2902,2013,40,40,1.92,0.29,0.31,0,66.70%,0,0.036,7.4,0.838,0.955,1
North Fork Swannanoa River,Pigeon French Broad,35.7263,-82.3358,2013,40,6,1.25,0.1,0.08,0,25.00%,0,0,2.4,0.93,0.967,1
Saltrock Branch,Pigeon French Broad,35.7093,-82.332,2013,9,8,1.42,0.21,0.19,0,33.30%,0,0,2.7,0.899,0.986,1
Watauga,NA,NA,NA,NA,6,6,3.58,0.75,0.64,0,91.70%,0,0,3,0.743,0.632,0.517
Elk Hollow Branch,Pigeon French Broad,36.1033,-82.0531,2016,80,70,1.67,0.2,0.22,0,50.00%,0,0.067,8.3,0.925,0.989,1
Middle Prong,Pigeon French Broad,35.3512,-82.9438,2016,39,39,2.83,0.38,0.36,0,83.30%,0.1,0,0,0.77,0.974,1
Walker Branch,Pigeon French Broad,35.1318,-82.6331,2009,20,20,3.75,0.53,0.53,0,91.70%,0,0,15.1,0.412,0.154,0
UT West Fork Pigeon River,Pigeon French Broad,35.3103,-82.9145,2009,2,2,2.25,0.46,0.63,0,91.70%,0,NA,0,0.564,0.04,0
Cove Creek,Pigeon French Broad,35.292,-82.8158,2001,20,19,1.58,0.12,0.16,0,41.70%,0,0,0,0.929,0.978,1
Indian Creek,Pigeon French Broad,35.5205,-83.133,2009,20,20,2.5,0.36,0.31,0,83.30%,0,0,0,0.761,0.982,1
Negro Prong (below falls),Pigeon French Broad,35.218,-82.815,NA,10,6,1.33,0.11,0.1,0,16.70%,0,0,0,0.832,0.968,1
Sawmill Creek (above falls),Pigeon French Broad,35.1911,-82.8209,NA,20,6,1.25,0.14,0.13,0,25.00%,0,0,6.5,0.885,0.967,1
South Prong Glady Fork,Pigeon French Broad,35.0888,-82.7567,2010,20,20,4.33,0.45,0.46,0,100.00%,0.083,0,48.8,0.561,0.606,0.459
Jane Cantrell Creek,Pigeon French Broad,35.0893,-82.7416,2010,20,20,2.42,0.28,0.27,0,83.30%,0,0,17.4,0.753,0.919,0.85
Hickory Flat Creek,Pigeon French Broad,35.1083,-82.7014,2010,20,9,1.25,0.06,0.09,0,16.70%,0,0,0,0.367,0.02,0
Laurel Branch (Murr Creek) Below Falls,Pigeon French Broad,35.1173,-82.7523,2010,18,18,5.33,0.47,0.53,0,91.70%,0.182,0,16.8,0.49,0.506,0.212
Laurel Branch (Murr Creek) Above Falls,Pigeon French Broad,35.1201,-82.75,2010,20,19,4.25,0.46,0.48,0,91.70%,0,0,53,0.539,0.442,0.157
Friezland Creek,Pigeon French Broad,35.7292,-82.8419,2009,6,6,2,0.25,0.31,0,58.30%,0,0,0,0.702,0.687,1
Pigeon Branch,Pigeon French Broad,35.3537,-82.7777,2009,20,20,4.67,0.6,0.6,0,91.70%,0,0,15.9,0.376,0.134,0
Sawmill Creek (below falls),Pigeon French Broad,35.19,-82.818,NA,4,3,1.17,0.08,0.07,0,16.70%,0,0,0.5,0.887,0.97,1
Beaverdam Creek,Pigeon French Broad,35.4622,-82.6899,2004,20,19,2.17,0.27,0.32,0,66.70%,0,0,7.3,0.863,0.947,1
East Fork French Broad River,Pigeon French Broad,35.1233,-82.7047,2007,20,18,1.67,0.18,0.18,0,41.70%,0,0,67.6,0.796,0.804,0.722
Hawkbill Creek,Pigeon French Broad,35.7213,-82.4154,2005,16,16,4.5,0.54,0.59,0,100.00%,0.083,0,38.5,0.685,0.869,0.983
Laurel Creek,Pigeon French Broad,35.3612,-82.6833,2004,19,19,3,0.4,0.41,0,91.70%,0,0,27.8,0.813,0.922,1
Maple Springs Branch,Pigeon French Broad,35.7564,-82.947,2004,20,12,1.33,0.1,0.12,0,33.30%,0,0,0,0.72,0.761,1
North Fork Ivy Creek,Pigeon French Broad,35.7988,-82.3688,2004,20,17,1.5,0.16,0.15,0,25.00%,0,0,22.6,0.852,0.877,1
Pea Branch,Pigeon French Broad,35.356,-82.665,2001,5,5,1.75,0.28,0.23,0,50.00%,0,0,0,0.892,0.958,1
Right Fork Beetree Creek,Pigeon French Broad,35.6695,-82.393,2005,20,6,1.25,0.08,0.1,0,25.00%,0,0,0,0.919,0.99,1
Roaring Fork,Pigeon French Broad,35.8153,-82.9387,2004,20,16,1.75,0.24,0.23,2,50.00%,0,0.067,0.1,0.772,0.443,0.749
Woody Branch,Pigeon French Broad,35.3319,-82.6508,2009,20,18,1.75,0.21,0.21,0,41.70%,0,0.1,8.5,0.931,0.979,1
UT Big Creek (@ Boby Cove),Pigeon French Broad,35.4213,-82.7061,2001,9,6,1.42,0.17,0.17,0,41.70%,0,0,1.1,0.889,0.96,1
UT Big Creek (@ Horse Cove),Pigeon French Broad,35.4183,-82.704,2001,13,1*,1,0,0,0,0.00%,0,NA,0,NA,NA,NA
Woody Branch,Pigeon French Broad,35.3314,-82.6494,2007,20,18,1.83,0.23,0.2,0,41.70%,0,0,63.9,0.932,0.979,1
Mine Branch,Pigeon French Broad,35.2585,-82.7536,NA,20,15,1.42,0.13,0.13,0,25.00%,0,0,1.9,0.946,0.973,1
Ayles Creek,Pigeon French Broad,35.8762,-82.2348,2005,20,20,2.5,0.28,0.33,0,75.00%,0,0.028,5.4,0.859,0.98,1
Bald Mountain Creek,Pigeon French Broad,35.9653,-82.475,2007,20,20,2.67,0.32,0.41,0,75.00%,0,0,2.8,0.824,0.933,1
Carvers Gap Creek,Pigeon French Broad,36.0968,-82.1013,2004,20,10,1.42,0.08,0.11,0,25.00%,0,0,2.3,0.87,0.927,1
Charles Creek,Pigeon French Broad,36.0699,-82.1116,2004,8,8,2.5,0.28,0.31,0,66.70%,0,0,0,0.899,0.98,1
Gouges Creek,Pigeon French Broad,35.9602,-82.0518,2007,20,20,2.17,0.26,0.25,0,58.30%,0,0,38.9,0.894,0.984,1
Holder Creek,Pigeon French Broad,36.0834,-82.1154,2004,20,20,2.75,0.31,0.31,0,66.70%,0,0,83.4,0.849,0.966,1
Cherry Cove Creek,Pigeon French Broad,35.408,-83.0012,2009,20,20,3.33,0.37,0.38,0,83.30%,0,0,980.4,0.74,0.961,1
Jerry Creek,Pigeon French Broad,36.0823,-82.063,2004,20,20,2.08,0.28,0.28,0,66.70%,0,0,0,0.854,0.933,1
Johns Camp Branch,Pigeon French Broad,36.0956,-82.0985,2004,20,19,1.92,0.25,0.25,0,66.70%,0,0,12.7,0.882,0.949,1
Jones Creek,Pigeon French Broad,35.9845,-82.0446,2008,20,20,2.17,0.28,0.31,0,66.70%,0,0,155.2,0.845,0.917,1
Lyddies Creek,Pigeon French Broad,36.1217,-82.1602,2004,20,17,1.58,0.17,0.16,0,33.30%,0,0,74.4,0.926,0.983,1
North Fork Cattail Creek,Pigeon French Broad,35.8319,-82.2721,2008,15,15,1.83,0.31,0.27,0,58.30%,0,0,61.1,0.871,0.837,1
Ogle Creek,Pigeon French Broad,35.7971,-82.2826,2008,20,15,1.5,0.17,0.15,0,41.70%,0,0,0,0.891,0.98,1
Raven Fork,Pigeon French Broad,35.7731,-82.3226,2008,20,15,1.5,0.12,0.14,0,41.70%,0,0,0,0.913,0.982,1
Roaring Creek,Pigeon French Broad,36.1162,-82.0501,2004,20,20,2.58,0.34,0.32,0,83.30%,0,0.022,7.1,0.828,0.916,1
Roaring Spout Branch (Above Falls),Pigeon French Broad,35.8483,-82.2108,2005,20,12,1.33,0.14,0.14,0,25.00%,0,0,12.3,0.929,0.981,1
Roaring Spout Branch (Below Falls),Pigeon French Broad,35.8495,-82.2075,2005,9,9,1.33,0.11,0.14,0,25.00%,0,0,9.6,0.932,0.982,1
Deep Gap Creek,Tennessee,35.4145,-83.9935,2009,20,20,3.75,0.4,0.41,0,83.30%,0,0,55.5,0.741,0.959,1
South Fork Cattail Creek,Pigeon French Broad,35.814,-82.2777,2008,13,12,1.67,0.17,0.2,0,50.00%,0,0,2.1,0.902,0.959,1
Bee Branch,Pigeon French Broad,35.3828,-82.8093,2007,20,12,2.08,0.23,0.23,0,50.00%,0,0,1,0.811,0.98,1
Carpenter Branch,Pigeon French Broad,35.5332,-83.1192,2008,8,8,3.33,0.42,0.47,0,91.70%,0,0,72.7,0.646,0.663,0.861
Deep Gap Creek,Pigeon French Broad,35.4135,-82.992,2003,19,19,3.83,0.42,0.4,0,75.00%,0,0,0,0.735,0.943,1
Deep Gap Creek,Pigeon French Broad,35.5285,-83.1522,2008,20,20,3.17,0.42,0.39,0,75.00%,0.222,0,18.5,0.707,0.968,1
Fie Creek,Pigeon French Broad,35.5436,-83.1043,2007,20,17,3.42,0.4,0.42,0,91.70%,0,0,1.8,0.717,0.934,0.941
Johnson Branch,Pigeon French Broad,35.5045,-83.094,2008,20,20,2.5,0.32,0.36,0,75.00%,0.111,0,10.1,0.721,0.957,0.992
Long Branch,Pigeon French Broad,35.5194,-83.1588,2008,20,20,2.75,0.36,0.37,0,83.30%,0,0,9.6,0.754,0.976,1
Mashie Stomp Creek,Pigeon French Broad,35.5351,-83.163,2008,20,20,2.92,0.42,0.4,0,75.00%,0,0,15,0.79,0.981,1
Nix Creek,Pigeon French Broad,35.4357,-82.9343,2004,20,20,2.08,0.29,0.25,0,58.30%,0,0,636.1,0.858,0.972,1
Hungry Creek,Pigeon French Broad,35.4004,-82.7949,2008,20,18,1.92,0.22,0.21,0,50.00%,0,0,1.5,0.846,0.98,1
Plott Creek,Pigeon French Broad,35.4815,-83.0456,2008,20,20,2.75,0.36,0.36,0,75.00%,0,0,25.4,0.702,0.926,1
Rocky Branch,Pigeon French Broad,35.4264,-83.0215,2003,20,16,1.75,0.17,0.22,0,58.30%,0,0,7,0.843,0.969,1
Steestachee Creek,Pigeon French Broad,35.416,-83.0244,2003,20,20,2.5,0.23,0.26,0,66.70%,0,0,18.1,0.829,0.932,1
Wolf Laurel Branch,Pigeon French Broad,35.5109,-83.1469,2008,20,20,3.42,0.53,0.52,0,91.70%,0,0,8.7,0.639,0.868,1
Ellison Branch,Pigeon French Broad,36.3214,-81.7398,2008,20,19,3.25,0.5,0.45,0,91.70%,0,0.018,6.7,0.762,0.892,1
Harrison Branch,Pigeon French Broad,36.1862,-81.7095,2007,20,20,4.17,0.47,0.5,0,91.70%,0.091,0,24.5,0.678,0.763,1
Little Creek,New,36.3084,-81.6702,2008,20,20,6.08,0.67,0.65,0,91.70%,0,0.036,33.1,0.703,0.843,0.95
North Fork Cove Creek,Pigeon French Broad,36.3275,-81.7776,2005,20,19,4.25,0.62,0.56,0,91.70%,0.091,0.018,8.7,0.728,0.728,0.996
Ramp Branch,Pigeon French Broad,36.1557,-81.8988,2004,20,8,1.25,0.08,0.1,0,25.00%,0,0,34.3,0.976,0.973,1
Shanty Spring Branch,Pigeon French Broad,36.1254,-81.8202,2007,20,19,2.75,0.39,0.43,0,83.30%,0,0.022,4.8,0.822,0.859,1
UT to Elk River (upstream of Ramp Branch),Pigeon French Broad,36.1506,-81.9008,2004,20,20,2.25,0.38,0.36,0,83.30%,0,0,188.8,0.781,0.885,0.95
East Fork Campbell Creek,Pigeon French Broad,35.4886,-83.1133,2004,20,20,3.33,0.41,0.45,0,83.30%,0,0,17.7,0.683,0.943,1
Stony Fork,Pigeon French Broad,35.4492,-82.7434,2003,20,16,1.5,0.22,0.22,0,50.00%,0,0,9.4,0.886,0.98,1
UT Cove Creek,Pigeon French Broad,35.3008,-82.8198,2003,20,20,1.67,0.21,0.2,0,50.00%,0,0,4.8,0.915,0.98,1
Beech Nursery Creek,Pigeon French Broad,35.755,-82.2964,2008,15,15,3.17,0.54,0.55,0,91.70%,0.091,0,0,0.596,0.411,0.192
Big Lost Cove Creek,Pigeon French Broad,35.7405,-82.2161,2004,20,19,2.83,0.35,0.35,0,83.30%,0.1,0,1.5,0.792,0.939,0.947
Big Poplar Creek,Pigeon French Broad,35.7733,-82.2913,2008,20,20,2.58,0.35,0.37,0,75.00%,0.111,0,48.7,0.653,0.678,0.839
Blue Sea Creek,Pigeon French Broad,35.7608,-82.312,2008,14,14,4.5,0.64,0.65,0,100.00%,0,0,25.6,0.472,0.296,0.108
Broad Branch,Pigeon French Broad,36.0957,-82.1878,2004,20,20,3.92,0.63,0.59,0,91.70%,0,0.036,29.9,0.54,0.672,0.602
Mine Branch,Pigeon French Broad,35.509,-83.064,2008,10,9,1.5,0.21,0.19,0,50.00%,0,0,18.6,0.857,0.98,1
Hemphill Creek,Pigeon French Broad,35.7102,-82.2513,2004,20,20,5.17,0.73,0.67,0,100.00%,0,0,27.8,0.423,0.352,0.207
Joe Branch,Pigeon French Broad,36.1065,-82.042,2004,18,18,2.08,0.25,0.26,0,58.30%,0,0,9.7,0.86,0.974,1
Little Rock Creek,Pigeon French Broad,36.0738,-82.0962,2004,20,20,3.92,0.48,0.52,0,91.70%,0.091,0,11.9,0.601,0.663,0.986
Little Whiteoak Creek,Pigeon French Broad,35.8202,-82.183,2007,20,19,4.75,0.73,0.64,2,91.70%,0.091,0.018,11.1,0.415,0.463,0.42
Little Whiteoak Creek,Pigeon French Broad,35.821,-82.1833,2005,20,19,4.92,0.53,0.64,0,100.00%,0.083,0.015,6.2,0.44,0.492,0.579
Lower Creek,Pigeon French Broad,35.7342,-82.237,2004,20,20,5.83,0.73,0.67,0,91.70%,0,0,24.2,0.388,0.355,0.11
Neals Creek,Pigeon French Broad,35.7431,-82.2121,2007,20,20,3.25,0.6,0.59,0,91.70%,0.091,0.036,13,0.424,0.19,0
Pyatt Creek,Pigeon French Broad,35.9955,-82.0267,2007,19,17,4.42,0.69,0.59,1,100.00%,0.083,0.015,3,0.558,0.546,0.412
Reuban Creek,Pigeon French Broad,36.0771,-82.0873,2004,20,20,3.08,0.41,0.39,0,83.30%,0.1,0,9.1,0.756,0.866,1
Right Fork Beans Creek,Pigeon French Broad,36.09,-82.2272,2004,20,20,3.5,0.5,0.51,0,100.00%,0.083,0,49.9,0.662,0.726,0.834
